store_id,product_id,product_name,category,expiry_date,stock,avg_daily_sales,MRP
S001,P001,Beverage Item 01,Beverage,2025-08-18,62,5,63
S001,P002,Snacks Item 02,Snacks,2025-08-30,117,6,21
S001,P003,Dairy Item 03,Dairy,2025-07-13,35,10,90
S001,P004,Produce Item 04,Produce,2025-07-17,81,16,73
S001,P005,Snacks Item 05,Snacks,2025-08-22,51,6,75
S001,P006,Produce Item 06,Produce,2025-07-29,52,16,64
S001,P007,Produce Item 07,Produce,2025-08-12,99,5,113
S001,P008,Dairy Item 08,Dairy,2025-08-11,22,11,36
S001,P009,Bakery Item 09,Bakery,2025-08-20,112,14,29
S001,P010,Snacks Item 10,Snacks,2025-07-17,24,16,172
S001,P011,Beverage Item 11,Beverage,2025-08-05,19,19,32
S001,P012,Beverage Item 12,Beverage,2025-08-04,70,10,89
S001,P013,Beverage Item 13,Beverage,2025-07-10,89,7,137
S001,P014,Snacks Item 14,Snacks,2025-07-22,93,19,114
S001,P015,Dairy Item 15,Dairy,2025-07-21,6,16,179
S001,P016,Produce Item 16,Produce,2025-07-18,108,8,157
S001,P017,Dairy Item 17,Dairy,2025-08-06,93,13,183
S001,P018,Produce Item 18,Produce,2025-08-14,113,19,48
S001,P019,Beverage Item 19,Beverage,2025-07-20,2,1,127
S001,P020,Dairy Item 20,Dairy,2025-09-01,67,15,73
S001,P021,Dairy Item 21,Dairy,2025-08-14,65,13,32
S001,P022,Dairy Item 22,Dairy,2025-08-27,48,1,68
S001,P023,Snacks Item 23,Snacks,2025-07-27,30,2,168
S001,P024,Beverage Item 24,Beverage,2025-07-30,74,20,59
S001,P025,Beverage Item 25,Beverage,2025-07-08,12,8,165
S001,P026,Bakery Item 26,Bakery,2025-07-12,37,2,110
S001,P027,Bakery Item 27,Bakery,2025-08-24,82,11,37
S001,P028,Produce Item 28,Produce,2025-08-17,95,19,105
S001,P029,Bakery Item 29,Bakery,2025-08-24,80,19,87
S001,P030,Produce Item 30,Produce,2025-08-11,73,4,76
S001,P031,Snacks Item 31,Snacks,2025-08-26,77,13,170
S001,P032,Dairy Item 32,Dairy,2025-07-27,23,6,32
S001,P033,Produce Item 33,Produce,2025-07-27,68,11,67
S001,P034,Bakery Item 34,Bakery,2025-08-24,10,2,90
S001,P035,Beverage Item 35,Beverage,2025-07-21,98,19,29
S001,P036,Bakery Item 36,Bakery,2025-07-11,64,16,58
S001,P037,Bakery Item 37,Bakery,2025-08-06,16,13,80
S001,P038,Dairy Item 38,Dairy,2025-08-05,119,7,124
S001,P039,Snacks Item 39,Snacks,2025-07-28,18,14,73
S001,P040,Beverage Item 40,Beverage,2025-08-22,116,10,24
S001,P041,Produce Item 41,Produce,2025-08-04,118,12,196
S001,P042,Beverage Item 42,Beverage,2025-08-24,85,16,78
S001,P043,Dairy Item 43,Dairy,2025-07-12,70,3,197
S001,P044,Bakery Item 44,Bakery,2025-07-31,23,11,185
S001,P045,Dairy Item 45,Dairy,2025-08-25,82,13,97
S001,P046,Bakery Item 46,Bakery,2025-08-14,41,5,93
S001,P047,Snacks Item 47,Snacks,2025-07-15,39,11,137
S001,P048,Produce Item 48,Produce,2025-08-13,67,3,61
S001,P049,Bakery Item 49,Bakery,2025-07-19,70,14,173
S001,P050,Bakery Item 50,Bakery,2025-07-16,100,13,57
S002,P001,Beverage Item 01,Beverage,2025-08-17,117,14,76
S002,P002,Snacks Item 02,Snacks,2025-08-09,89,2,80
S002,P003,Dairy Item 03,Dairy,2025-07-28,106,6,106
S002,P004,Produce Item 04,Produce,2025-08-16,104,13,147
S002,P005,Snacks Item 05,Snacks,2025-08-14,50,18,25
S002,P006,Produce Item 06,Produce,2025-08-19,87,5,40
S002,P007,Produce Item 07,Produce,2025-08-08,71,7,108
S002,P008,Dairy Item 08,Dairy,2025-07-31,24,9,77
S002,P009,Bakery Item 09,Bakery,2025-08-01,117,10,114
S002,P010,Snacks Item 10,Snacks,2025-08-29,81,7,152
S002,P011,Beverage Item 11,Beverage,2025-09-03,113,9,188
S002,P012,Beverage Item 12,Beverage,2025-07-15,48,12,175
S002,P013,Beverage Item 13,Beverage,2025-07-18,76,20,44
S002,P014,Snacks Item 14,Snacks,2025-07-29,52,3,127
S002,P015,Dairy Item 15,Dairy,2025-07-18,117,20,159
S002,P016,Produce Item 16,Produce,2025-08-11,37,17,25
S002,P017,Dairy Item 17,Dairy,2025-07-16,59,10,61
S002,P018,Produce Item 18,Produce,2025-08-13,54,6,192
S002,P019,Beverage Item 19,Beverage,2025-07-20,28,2,32
S002,P020,Dairy Item 20,Dairy,2025-07-27,99,12,69
S002,P021,Dairy Item 21,Dairy,2025-07-23,89,7,161
S002,P022,Dairy Item 22,Dairy,2025-07-14,24,13,157
S002,P023,Snacks Item 23,Snacks,2025-08-08,34,16,129
S002,P024,Beverage Item 24,Beverage,2025-07-24,54,1,106
S002,P025,Beverage Item 25,Beverage,2025-07-25,45,12,89
S002,P026,Bakery Item 26,Bakery,2025-08-12,96,6,58
S002,P027,Bakery Item 27,Bakery,2025-09-03,32,14,173
S002,P028,Produce Item 28,Produce,2025-07-16,58,14,63
S002,P029,Bakery Item 29,Bakery,2025-07-17,77,15,133
S002,P030,Produce Item 30,Produce,2025-08-07,119,17,32
S002,P031,Snacks Item 31,Snacks,2025-08-12,44,16,137
S002,P032,Dairy Item 32,Dairy,2025-09-03,102,18,184
S002,P033,Produce Item 33,Produce,2025-07-30,84,5,140
S002,P034,Bakery Item 34,Bakery,2025-08-18,36,12,158
S002,P035,Beverage Item 35,Beverage,2025-07-31,115,19,115
S002,P036,Bakery Item 36,Bakery,2025-08-23,32,10,149
S002,P037,Bakery Item 37,Bakery,2025-07-27,50,13,147
S002,P038,Dairy Item 38,Dairy,2025-08-13,71,18,124
S002,P039,Snacks Item 39,Snacks,2025-07-17,24,11,66
S002,P040,Beverage Item 40,Beverage,2025-08-31,105,6,41
S002,P041,Produce Item 41,Produce,2025-07-26,45,17,126
S002,P042,Beverage Item 42,Beverage,2025-08-01,101,6,48
S002,P043,Dairy Item 43,Dairy,2025-07-13,113,8,104
S002,P044,Bakery Item 44,Bakery,2025-08-07,98,12,46
S002,P045,Dairy Item 45,Dairy,2025-09-01,76,6,181
S002,P046,Bakery Item 46,Bakery,2025-07-25,6,1,31
S002,P047,Snacks Item 47,Snacks,2025-08-07,10,13,72
S002,P048,Produce Item 48,Produce,2025-07-25,29,15,128
S002,P049,Bakery Item 49,Bakery,2025-08-09,56,15,104
S002,P050,Bakery Item 50,Bakery,2025-08-10,82,1,173
S003,P001,Beverage Item 01,Beverage,2025-08-03,59,15,63
S003,P002,Snacks Item 02,Snacks,2025-07-13,38,14,81
S003,P003,Dairy Item 03,Dairy,2025-08-31,101,11,89
S003,P004,Produce Item 04,Produce,2025-08-16,71,11,29
S003,P005,Snacks Item 05,Snacks,2025-08-22,86,8,26
S003,P006,Produce Item 06,Produce,2025-07-27,20,5,46
S003,P007,Produce Item 07,Produce,2025-07-22,53,11,95
S003,P008,Dairy Item 08,Dairy,2025-07-18,32,8,110
S003,P009,Bakery Item 09,Bakery,2025-07-26,70,13,24
S003,P010,Snacks Item 10,Snacks,2025-08-27,88,12,182
S003,P011,Beverage Item 11,Beverage,2025-09-02,60,6,199
S003,P012,Beverage Item 12,Beverage,2025-07-21,67,15,132
S003,P013,Beverage Item 13,Beverage,2025-08-27,24,5,119
S003,P014,Snacks Item 14,Snacks,2025-08-11,76,16,111
S003,P015,Dairy Item 15,Dairy,2025-08-31,25,18,80
S003,P016,Produce Item 16,Produce,2025-07-09,18,13,93
S003,P017,Dairy Item 17,Dairy,2025-07-28,78,2,88
S003,P018,Produce Item 18,Produce,2025-08-29,22,8,114
S003,P019,Beverage Item 19,Beverage,2025-08-16,49,11,191
S003,P020,Dairy Item 20,Dairy,2025-07-17,40,11,27
S003,P021,Dairy Item 21,Dairy,2025-07-16,48,14,109
S003,P022,Dairy Item 22,Dairy,2025-08-02,91,1,152
S003,P023,Snacks Item 23,Snacks,2025-07-11,114,20,45
S003,P024,Beverage Item 24,Beverage,2025-08-10,8,17,102
S003,P025,Beverage Item 25,Beverage,2025-07-25,75,19,198
S003,P026,Bakery Item 26,Bakery,2025-08-20,91,14,173
S003,P027,Bakery Item 27,Bakery,2025-08-13,104,19,146
S003,P028,Produce Item 28,Produce,2025-08-26,63,6,95
S003,P029,Bakery Item 29,Bakery,2025-08-07,107,18,90
S003,P030,Produce Item 30,Produce,2025-08-30,78,4,179
S003,P031,Snacks Item 31,Snacks,2025-08-21,39,2,105
S003,P032,Dairy Item 32,Dairy,2025-08-21,93,3,121
S003,P033,Produce Item 33,Produce,2025-08-02,47,10,89
S003,P034,Bakery Item 34,Bakery,2025-07-29,119,3,177
S003,P035,Beverage Item 35,Beverage,2025-07-25,82,20,119
S003,P036,Bakery Item 36,Bakery,2025-08-05,110,14,66
S003,P037,Bakery Item 37,Bakery,2025-07-29,85,8,157
S003,P038,Dairy Item 38,Dairy,2025-08-02,23,18,138
S003,P039,Snacks Item 39,Snacks,2025-07-26,11,3,167
S003,P040,Beverage Item 40,Beverage,2025-07-09,85,10,96
S003,P041,Produce Item 41,Produce,2025-08-07,83,7,147
S003,P042,Beverage Item 42,Beverage,2025-08-28,75,8,28
S003,P043,Dairy Item 43,Dairy,2025-08-23,26,20,173
S003,P044,Bakery Item 44,Bakery,2025-08-14,49,7,45
S003,P045,Dairy Item 45,Dairy,2025-07-20,99,1,110
S003,P046,Bakery Item 46,Bakery,2025-08-04,19,4,27
S003,P047,Snacks Item 47,Snacks,2025-07-11,107,12,92
S003,P048,Produce Item 48,Produce,2025-08-27,75,13,199
S003,P049,Bakery Item 49,Bakery,2025-08-13,20,16,63
S003,P050,Bakery Item 50,Bakery,2025-08-01,13,1,189
S004,P001,Beverage Item 01,Beverage,2025-07-25,75,7,185
S004,P002,Snacks Item 02,Snacks,2025-08-17,119,15,28
S004,P003,Dairy Item 03,Dairy,2025-08-14,96,18,68
S004,P004,Produce Item 04,Produce,2025-08-18,23,8,44
S004,P005,Snacks Item 05,Snacks,2025-07-11,55,11,135
S004,P006,Produce Item 06,Produce,2025-08-05,114,2,177
S004,P007,Produce Item 07,Produce,2025-08-26,10,19,156
S004,P008,Dairy Item 08,Dairy,2025-07-18,95,5,187
S004,P009,Bakery Item 09,Bakery,2025-08-18,116,14,28
S004,P010,Snacks Item 10,Snacks,2025-07-15,5,3,26
S004,P011,Beverage Item 11,Beverage,2025-08-04,112,1,126
S004,P012,Beverage Item 12,Beverage,2025-08-21,62,8,179
S004,P013,Beverage Item 13,Beverage,2025-07-15,84,19,88
S004,P014,Snacks Item 14,Snacks,2025-08-23,88,15,51
S004,P015,Dairy Item 15,Dairy,2025-08-19,30,7,174
S004,P016,Produce Item 16,Produce,2025-07-15,20,18,105
S004,P017,Dairy Item 17,Dairy,2025-08-07,55,4,168
S004,P018,Produce Item 18,Produce,2025-08-21,87,6,46
S004,P019,Beverage Item 19,Beverage,2025-08-24,10,11,121
S004,P020,Dairy Item 20,Dairy,2025-08-12,67,11,81
S004,P021,Dairy Item 21,Dairy,2025-08-31,95,2,26
S004,P022,Dairy Item 22,Dairy,2025-08-20,36,7,48
S004,P023,Snacks Item 23,Snacks,2025-07-27,54,13,28
S004,P024,Beverage Item 24,Beverage,2025-07-22,75,12,122
S004,P025,Beverage Item 25,Beverage,2025-08-19,102,10,84
S004,P026,Bakery Item 26,Bakery,2025-08-25,92,16,165
S004,P027,Bakery Item 27,Bakery,2025-08-20,117,7,83
S004,P028,Produce Item 28,Produce,2025-07-09,54,5,184
S004,P029,Bakery Item 29,Bakery,2025-08-31,68,6,185
S004,P030,Produce Item 30,Produce,2025-08-29,92,19,122
S004,P031,Snacks Item 31,Snacks,2025-07-09,38,6,130
S004,P032,Dairy Item 32,Dairy,2025-08-22,96,19,24
S004,P033,Produce Item 33,Produce,2025-08-14,31,10,137
S004,P034,Bakery Item 34,Bakery,2025-08-02,1,5,110
S004,P035,Beverage Item 35,Beverage,2025-08-10,95,9,175
S004,P036,Bakery Item 36,Bakery,2025-08-06,48,19,108
S004,P037,Bakery Item 37,Bakery,2025-09-02,51,20,134
S004,P038,Dairy Item 38,Dairy,2025-07-17,115,15,114
S004,P039,Snacks Item 39,Snacks,2025-08-23,76,10,70
S004,P040,Beverage Item 40,Beverage,2025-08-24,87,3,131
S004,P041,Produce Item 41,Produce,2025-07-22,39,9,128
S004,P042,Beverage Item 42,Beverage,2025-07-14,64,14,149
S004,P043,Dairy Item 43,Dairy,2025-08-19,90,16,157
S004,P044,Bakery Item 44,Bakery,2025-08-28,66,16,72
S004,P045,Dairy Item 45,Dairy,2025-07-12,43,5,126
S004,P046,Bakery Item 46,Bakery,2025-07-22,85,15,90
S004,P047,Snacks Item 47,Snacks,2025-09-03,53,20,61
S004,P048,Produce Item 48,Produce,2025-08-22,36,18,159
S004,P049,Bakery Item 49,Bakery,2025-07-15,28,9,79
S004,P050,Bakery Item 50,Bakery,2025-07-10,119,2,130
S005,P001,Beverage Item 01,Beverage,2025-08-27,85,19,81
S005,P002,Snacks Item 02,Snacks,2025-08-25,69,14,22
S005,P003,Dairy Item 03,Dairy,2025-07-24,48,14,126
S005,P004,Produce Item 04,Produce,2025-07-24,1,17,90
S005,P005,Snacks Item 05,Snacks,2025-08-11,79,9,97
S005,P006,Produce Item 06,Produce,2025-07-16,41,8,105
S005,P007,Produce Item 07,Produce,2025-08-17,58,15,106
S005,P008,Dairy Item 08,Dairy,2025-08-04,103,13,178
S005,P009,Bakery Item 09,Bakery,2025-08-10,49,3,30
S005,P010,Snacks Item 10,Snacks,2025-08-28,65,5,153
S005,P011,Beverage Item 11,Beverage,2025-07-20,6,9,124
S005,P012,Beverage Item 12,Beverage,2025-08-19,117,10,166
S005,P013,Beverage Item 13,Beverage,2025-08-01,23,1,87
S005,P014,Snacks Item 14,Snacks,2025-08-30,86,2,153
S005,P015,Dairy Item 15,Dairy,2025-08-24,82,17,135
S005,P016,Produce Item 16,Produce,2025-08-17,75,9,124
S005,P017,Dairy Item 17,Dairy,2025-08-29,92,17,94
S005,P018,Produce Item 18,Produce,2025-08-21,52,11,98
S005,P019,Beverage Item 19,Beverage,2025-08-26,16,9,55
S005,P020,Dairy Item 20,Dairy,2025-07-10,7,11,99
S005,P021,Dairy Item 21,Dairy,2025-08-05,2,6,38
S005,P022,Dairy Item 22,Dairy,2025-08-24,79,1,197
S005,P023,Snacks Item 23,Snacks,2025-08-01,113,12,112
S005,P024,Beverage Item 24,Beverage,2025-07-20,28,3,68
S005,P025,Beverage Item 25,Beverage,2025-08-09,44,10,79
S005,P026,Bakery Item 26,Bakery,2025-07-08,104,10,148
S005,P027,Bakery Item 27,Bakery,2025-07-12,41,16,112
S005,P028,Produce Item 28,Produce,2025-08-03,87,18,166
S005,P029,Bakery Item 29,Bakery,2025-07-28,31,18,44
S005,P030,Produce Item 30,Produce,2025-08-14,80,3,81
S005,P031,Snacks Item 31,Snacks,2025-07-13,90,11,106
S005,P032,Dairy Item 32,Dairy,2025-07-16,74,20,135
S005,P033,Produce Item 33,Produce,2025-07-26,10,2,138
S005,P034,Bakery Item 34,Bakery,2025-07-21,79,12,157
S005,P035,Beverage Item 35,Beverage,2025-08-12,45,8,153
S005,P036,Bakery Item 36,Bakery,2025-08-05,10,2,109
S005,P037,Bakery Item 37,Bakery,2025-08-07,55,13,25
S005,P038,Dairy Item 38,Dairy,2025-08-30,92,14,177
S005,P039,Snacks Item 39,Snacks,2025-07-11,102,1,116
S005,P040,Beverage Item 40,Beverage,2025-09-03,107,14,44
S005,P041,Produce Item 41,Produce,2025-07-09,65,7,55
S005,P042,Beverage Item 42,Beverage,2025-08-28,23,16,152
S005,P043,Dairy Item 43,Dairy,2025-08-29,37,14,130
S005,P044,Bakery Item 44,Bakery,2025-07-14,68,16,47
S005,P045,Dairy Item 45,Dairy,2025-09-02,42,19,23
S005,P046,Bakery Item 46,Bakery,2025-08-23,73,19,58
S005,P047,Snacks Item 47,Snacks,2025-08-25,111,19,158
S005,P048,Produce Item 48,Produce,2025-08-21,78,20,185
S005,P049,Bakery Item 49,Bakery,2025-08-27,113,8,157
S005,P050,Bakery Item 50,Bakery,2025-08-07,19,8,101
S006,P001,Beverage Item 01,Beverage,2025-08-04,109,18,50
S006,P002,Snacks Item 02,Snacks,2025-08-20,26,10,133
S006,P003,Dairy Item 03,Dairy,2025-07-16,17,13,119
S006,P004,Produce Item 04,Produce,2025-08-15,22,20,128
S006,P005,Snacks Item 05,Snacks,2025-08-12,95,17,93
S006,P006,Produce Item 06,Produce,2025-08-04,28,16,134
S006,P007,Produce Item 07,Produce,2025-07-31,9,5,36
S006,P008,Dairy Item 08,Dairy,2025-07-12,110,1,178
S006,P009,Bakery Item 09,Bakery,2025-08-29,67,9,42
S006,P010,Snacks Item 10,Snacks,2025-08-10,35,1,170
S006,P011,Beverage Item 11,Beverage,2025-07-22,95,17,153
S006,P012,Beverage Item 12,Beverage,2025-07-12,9,1,112
S006,P013,Beverage Item 13,Beverage,2025-07-08,83,15,169
S006,P014,Snacks Item 14,Snacks,2025-07-11,50,13,41
S006,P015,Dairy Item 15,Dairy,2025-08-12,60,14,49
S006,P016,Produce Item 16,Produce,2025-08-09,101,20,157
S006,P017,Dairy Item 17,Dairy,2025-08-24,20,4,183
S006,P018,Produce Item 18,Produce,2025-08-09,51,15,49
S006,P019,Beverage Item 19,Beverage,2025-07-11,36,2,101
S006,P020,Dairy Item 20,Dairy,2025-08-24,63,1,90
S006,P021,Dairy Item 21,Dairy,2025-08-02,36,6,43
S006,P022,Dairy Item 22,Dairy,2025-08-24,33,1,36
S006,P023,Snacks Item 23,Snacks,2025-07-22,59,20,81
S006,P024,Beverage Item 24,Beverage,2025-07-15,28,5,174
S006,P025,Beverage Item 25,Beverage,2025-08-14,58,9,200
S006,P026,Bakery Item 26,Bakery,2025-07-20,106,11,49
S006,P027,Bakery Item 27,Bakery,2025-08-19,21,14,146
S006,P028,Produce Item 28,Produce,2025-08-23,67,16,111
S006,P029,Bakery Item 29,Bakery,2025-09-02,78,12,111
S006,P030,Produce Item 30,Produce,2025-07-20,17,3,37
S006,P031,Snacks Item 31,Snacks,2025-08-20,51,16,95
S006,P032,Dairy Item 32,Dairy,2025-07-14,98,12,49
S006,P033,Produce Item 33,Produce,2025-08-10,32,12,192
S006,P034,Bakery Item 34,Bakery,2025-07-11,116,10,115
S006,P035,Beverage Item 35,Beverage,2025-07-24,73,1,198
S006,P036,Bakery Item 36,Bakery,2025-07-21,95,17,164
S006,P037,Bakery Item 37,Bakery,2025-07-24,16,11,94
S006,P038,Dairy Item 38,Dairy,2025-07-28,51,18,178
S006,P039,Snacks Item 39,Snacks,2025-08-01,42,7,136
S006,P040,Beverage Item 40,Beverage,2025-07-14,41,18,179
S006,P041,Produce Item 41,Produce,2025-07-24,92,18,100
S006,P042,Beverage Item 42,Beverage,2025-08-18,97,14,41
S006,P043,Dairy Item 43,Dairy,2025-07-20,2,5,115
S006,P044,Bakery Item 44,Bakery,2025-08-18,110,20,22
S006,P045,Dairy Item 45,Dairy,2025-07-22,5,5,94
S006,P046,Bakery Item 46,Bakery,2025-07-16,87,11,173
S006,P047,Snacks Item 47,Snacks,2025-08-15,31,12,142
S006,P048,Produce Item 48,Produce,2025-08-04,100,2,45
S006,P049,Bakery Item 49,Bakery,2025-08-08,39,9,110
S006,P050,Bakery Item 50,Bakery,2025-09-02,112,7,143
S007,P001,Beverage Item 01,Beverage,2025-08-23,57,13,62
S007,P002,Snacks Item 02,Snacks,2025-07-23,10,1,154
S007,P003,Dairy Item 03,Dairy,2025-08-20,73,20,134
S007,P004,Produce Item 04,Produce,2025-08-06,32,16,78
S007,P005,Snacks Item 05,Snacks,2025-07-12,115,18,115
S007,P006,Produce Item 06,Produce,2025-08-26,36,20,38
S007,P007,Produce Item 07,Produce,2025-09-02,58,8,34
S007,P008,Dairy Item 08,Dairy,2025-08-26,15,11,87
S007,P009,Bakery Item 09,Bakery,2025-08-30,110,18,138
S007,P010,Snacks Item 10,Snacks,2025-07-26,111,7,142
S007,P011,Beverage Item 11,Beverage,2025-07-18,77,18,55
S007,P012,Beverage Item 12,Beverage,2025-08-21,91,12,189
S007,P013,Beverage Item 13,Beverage,2025-07-21,65,9,54
S007,P014,Snacks Item 14,Snacks,2025-07-14,36,18,119
S007,P015,Dairy Item 15,Dairy,2025-08-26,102,4,175
S007,P016,Produce Item 16,Produce,2025-07-13,52,3,70
S007,P017,Dairy Item 17,Dairy,2025-08-14,117,16,174
S007,P018,Produce Item 18,Produce,2025-07-16,25,3,97
S007,P019,Beverage Item 19,Beverage,2025-07-27,58,2,81
S007,P020,Dairy Item 20,Dairy,2025-07-24,69,7,168
S007,P021,Dairy Item 21,Dairy,2025-08-06,63,4,56
S007,P022,Dairy Item 22,Dairy,2025-08-20,72,2,32
S007,P023,Snacks Item 23,Snacks,2025-08-02,45,11,47
S007,P024,Beverage Item 24,Beverage,2025-08-07,13,19,148
S007,P025,Beverage Item 25,Beverage,2025-08-07,104,17,78
S007,P026,Bakery Item 26,Bakery,2025-08-12,82,9,172
S007,P027,Bakery Item 27,Bakery,2025-08-05,98,4,168
S007,P028,Produce Item 28,Produce,2025-07-31,117,15,119
S007,P029,Bakery Item 29,Bakery,2025-08-26,17,4,155
S007,P030,Produce Item 30,Produce,2025-08-16,19,12,82
S007,P031,Snacks Item 31,Snacks,2025-07-09,111,8,179
S007,P032,Dairy Item 32,Dairy,2025-08-26,115,14,128
S007,P033,Produce Item 33,Produce,2025-08-25,30,18,155
S007,P034,Bakery Item 34,Bakery,2025-08-09,83,20,109
S007,P035,Beverage Item 35,Beverage,2025-08-01,112,13,132
S007,P036,Bakery Item 36,Bakery,2025-08-22,68,3,113
S007,P037,Bakery Item 37,Bakery,2025-08-06,29,4,53
S007,P038,Dairy Item 38,Dairy,2025-07-14,98,11,104
S007,P039,Snacks Item 39,Snacks,2025-08-23,28,6,75
S007,P040,Beverage Item 40,Beverage,2025-07-21,108,10,132
S007,P041,Produce Item 41,Produce,2025-08-03,19,14,41
S007,P042,Beverage Item 42,Beverage,2025-08-11,36,16,164
S007,P043,Dairy Item 43,Dairy,2025-07-18,15,13,172
S007,P044,Bakery Item 44,Bakery,2025-07-31,48,18,122
S007,P045,Dairy Item 45,Dairy,2025-07-10,72,18,140
S007,P046,Bakery Item 46,Bakery,2025-08-27,71,19,92
S007,P047,Snacks Item 47,Snacks,2025-08-23,41,6,38
S007,P048,Produce Item 48,Produce,2025-07-25,114,13,139
S007,P049,Bakery Item 49,Bakery,2025-08-15,105,14,179
S007,P050,Bakery Item 50,Bakery,2025-08-25,80,6,36
S008,P001,Beverage Item 01,Beverage,2025-08-05,10,20,113
S008,P002,Snacks Item 02,Snacks,2025-07-23,57,13,104
S008,P003,Dairy Item 03,Dairy,2025-08-23,31,18,93
S008,P004,Produce Item 04,Produce,2025-07-12,73,7,88
S008,P005,Snacks Item 05,Snacks,2025-08-09,70,10,196
S008,P006,Produce Item 06,Produce,2025-07-13,14,3,155
S008,P007,Produce Item 07,Produce,2025-07-30,3,4,36
S008,P008,Dairy Item 08,Dairy,2025-08-11,112,14,128
S008,P009,Bakery Item 09,Bakery,2025-07-15,84,3,69
S008,P010,Snacks Item 10,Snacks,2025-08-17,98,5,63
S008,P011,Beverage Item 11,Beverage,2025-08-27,30,8,102
S008,P012,Beverage Item 12,Beverage,2025-07-12,88,19,96
S008,P013,Beverage Item 13,Beverage,2025-07-08,3,6,44
S008,P014,Snacks Item 14,Snacks,2025-08-17,12,10,50
S008,P015,Dairy Item 15,Dairy,2025-08-29,29,5,130
S008,P016,Produce Item 16,Produce,2025-07-29,118,3,120
S008,P017,Dairy Item 17,Dairy,2025-08-29,39,10,88
S008,P018,Produce Item 18,Produce,2025-08-10,55,2,124
S008,P019,Beverage Item 19,Beverage,2025-08-18,79,20,188
S008,P020,Dairy Item 20,Dairy,2025-07-11,82,17,50
S008,P021,Dairy Item 21,Dairy,2025-08-01,31,6,184
S008,P022,Dairy Item 22,Dairy,2025-07-13,75,9,76
S008,P023,Snacks Item 23,Snacks,2025-07-17,85,12,126
S008,P024,Beverage Item 24,Beverage,2025-08-18,12,18,30
S008,P025,Beverage Item 25,Beverage,2025-08-30,18,16,20
S008,P026,Bakery Item 26,Bakery,2025-07-21,42,7,170
S008,P027,Bakery Item 27,Bakery,2025-08-20,110,4,166
S008,P028,Produce Item 28,Produce,2025-07-28,90,13,154
S008,P029,Bakery Item 29,Bakery,2025-07-08,72,16,138
S008,P030,Produce Item 30,Produce,2025-08-08,102,8,98
S008,P031,Snacks Item 31,Snacks,2025-08-29,5,20,139
S008,P032,Dairy Item 32,Dairy,2025-08-18,9,9,196
S008,P033,Produce Item 33,Produce,2025-07-31,92,16,109
S008,P034,Bakery Item 34,Bakery,2025-07-16,100,1,68
S008,P035,Beverage Item 35,Beverage,2025-07-31,35,19,72
S008,P036,Bakery Item 36,Bakery,2025-07-23,56,11,168
S008,P037,Bakery Item 37,Bakery,2025-08-10,74,6,37
S008,P038,Dairy Item 38,Dairy,2025-08-06,21,11,141
S008,P039,Snacks Item 39,Snacks,2025-08-18,39,4,29
S008,P040,Beverage Item 40,Beverage,2025-07-31,112,16,136
S008,P041,Produce Item 41,Produce,2025-08-05,3,2,60
S008,P042,Beverage Item 42,Beverage,2025-07-13,75,1,139
S008,P043,Dairy Item 43,Dairy,2025-08-09,27,12,147
S008,P044,Bakery Item 44,Bakery,2025-08-09,115,19,75
S008,P045,Dairy Item 45,Dairy,2025-08-21,2,20,116
S008,P046,Bakery Item 46,Bakery,2025-08-09,33,3,175
S008,P047,Snacks Item 47,Snacks,2025-08-06,62,20,191
S008,P048,Produce Item 48,Produce,2025-08-11,70,13,188
S008,P049,Bakery Item 49,Bakery,2025-08-07,1,7,115
S008,P050,Bakery Item 50,Bakery,2025-08-07,12,18,191
S009,P001,Beverage Item 01,Beverage,2025-07-23,11,7,121
S009,P002,Snacks Item 02,Snacks,2025-09-01,27,17,148
S009,P003,Dairy Item 03,Dairy,2025-08-22,117,9,195
S009,P004,Produce Item 04,Produce,2025-07-12,21,20,133
S009,P005,Snacks Item 05,Snacks,2025-08-13,56,9,82
S009,P006,Produce Item 06,Produce,2025-07-22,109,15,136
S009,P007,Produce Item 07,Produce,2025-07-13,59,10,52
S009,P008,Dairy Item 08,Dairy,2025-07-10,5,16,191
S009,P009,Bakery Item 09,Bakery,2025-07-29,61,14,185
S009,P010,Snacks Item 10,Snacks,2025-08-18,12,20,156
S009,P011,Beverage Item 11,Beverage,2025-08-26,60,1,191
S009,P012,Beverage Item 12,Beverage,2025-07-28,9,18,176
S009,P013,Beverage Item 13,Beverage,2025-07-29,57,4,154
S009,P014,Snacks Item 14,Snacks,2025-08-21,75,12,81
S009,P015,Dairy Item 15,Dairy,2025-07-17,104,17,147
S009,P016,Produce Item 16,Produce,2025-07-19,67,20,196
S009,P017,Dairy Item 17,Dairy,2025-07-09,38,8,34
S009,P018,Produce Item 18,Produce,2025-07-23,13,15,170
S009,P019,Beverage Item 19,Beverage,2025-08-18,86,5,171
S009,P020,Dairy Item 20,Dairy,2025-07-16,57,2,198
S009,P021,Dairy Item 21,Dairy,2025-08-25,19,3,195
S009,P022,Dairy Item 22,Dairy,2025-07-20,12,18,39
S009,P023,Snacks Item 23,Snacks,2025-07-15,47,17,67
S009,P024,Beverage Item 24,Beverage,2025-08-02,57,13,81
S009,P025,Beverage Item 25,Beverage,2025-07-24,51,3,159
S009,P026,Bakery Item 26,Bakery,2025-07-12,5,10,58
S009,P027,Bakery Item 27,Bakery,2025-08-30,83,1,119
S009,P028,Produce Item 28,Produce,2025-08-26,79,10,73
S009,P029,Bakery Item 29,Bakery,2025-07-20,8,3,21
S009,P030,Produce Item 30,Produce,2025-07-25,58,19,115
S009,P031,Snacks Item 31,Snacks,2025-07-09,89,11,195
S009,P032,Dairy Item 32,Dairy,2025-07-12,51,6,155
S009,P033,Produce Item 33,Produce,2025-08-02,77,14,199
S009,P034,Bakery Item 34,Bakery,2025-07-11,115,3,43
S009,P035,Beverage Item 35,Beverage,2025-08-21,55,5,32
S009,P036,Bakery Item 36,Bakery,2025-09-01,20,6,75
S009,P037,Bakery Item 37,Bakery,2025-07-20,82,2,180
S009,P038,Dairy Item 38,Dairy,2025-08-03,34,5,93
S009,P039,Snacks Item 39,Snacks,2025-08-18,37,3,53
S009,P040,Beverage Item 40,Beverage,2025-08-30,27,1,171
S009,P041,Produce Item 41,Produce,2025-08-16,86,3,174
S009,P042,Beverage Item 42,Beverage,2025-08-01,22,14,44
S009,P043,Dairy Item 43,Dairy,2025-07-08,61,8,136
S009,P044,Bakery Item 44,Bakery,2025-08-04,3,3,34
S009,P045,Dairy Item 45,Dairy,2025-08-30,3,1,199
S009,P046,Bakery Item 46,Bakery,2025-09-02,11,7,81
S009,P047,Snacks Item 47,Snacks,2025-07-26,77,3,85
S009,P048,Produce Item 48,Produce,2025-08-09,28,6,25
S009,P049,Bakery Item 49,Bakery,2025-07-14,69,6,43
S009,P050,Bakery Item 50,Bakery,2025-07-12,69,20,95
S010,P001,Beverage Item 01,Beverage,2025-08-25,20,8,69
S010,P002,Snacks Item 02,Snacks,2025-07-23,82,13,165
S010,P003,Dairy Item 03,Dairy,2025-08-22,76,15,185
S010,P004,Produce Item 04,Produce,2025-07-13,118,13,138
S010,P005,Snacks Item 05,Snacks,2025-07-09,107,16,135
S010,P006,Produce Item 06,Produce,2025-08-09,47,8,198
S010,P007,Produce Item 07,Produce,2025-07-31,50,12,59
S010,P008,Dairy Item 08,Dairy,2025-07-26,49,14,108
S010,P009,Bakery Item 09,Bakery,2025-08-27,75,16,138
S010,P010,Snacks Item 10,Snacks,2025-08-14,75,17,176
S010,P011,Beverage Item 11,Beverage,2025-07-24,116,1,180
S010,P012,Beverage Item 12,Beverage,2025-07-22,47,20,59
S010,P013,Beverage Item 13,Beverage,2025-08-09,17,17,114
S010,P014,Snacks Item 14,Snacks,2025-07-09,106,9,28
S010,P015,Dairy Item 15,Dairy,2025-08-05,58,1,121
S010,P016,Produce Item 16,Produce,2025-08-10,39,8,79
S010,P017,Dairy Item 17,Dairy,2025-08-12,44,1,159
S010,P018,Produce Item 18,Produce,2025-07-24,95,10,195
S010,P019,Beverage Item 19,Beverage,2025-07-20,114,1,151
S010,P020,Dairy Item 20,Dairy,2025-07-21,68,7,75
S010,P021,Dairy Item 21,Dairy,2025-07-18,35,11,76
S010,P022,Dairy Item 22,Dairy,2025-09-03,17,6,152
S010,P023,Snacks Item 23,Snacks,2025-07-11,22,6,137
S010,P024,Beverage Item 24,Beverage,2025-09-03,52,4,102
S010,P025,Beverage Item 25,Beverage,2025-08-06,80,16,158
S010,P026,Bakery Item 26,Bakery,2025-07-26,17,19,30
S010,P027,Bakery Item 27,Bakery,2025-07-30,110,8,155
S010,P028,Produce Item 28,Produce,2025-08-01,82,13,56
S010,P029,Bakery Item 29,Bakery,2025-07-08,78,3,158
S010,P030,Produce Item 30,Produce,2025-07-24,19,14,88
S010,P031,Snacks Item 31,Snacks,2025-08-13,111,20,42
S010,P032,Dairy Item 32,Dairy,2025-08-31,35,4,55
S010,P033,Produce Item 33,Produce,2025-08-09,58,1,169
S010,P034,Bakery Item 34,Bakery,2025-08-23,7,1,90
S010,P035,Beverage Item 35,Beverage,2025-08-07,96,7,177
S010,P036,Bakery Item 36,Bakery,2025-07-26,0,16,74
S010,P037,Bakery Item 37,Bakery,2025-08-30,61,1,53
S010,P038,Dairy Item 38,Dairy,2025-08-05,79,12,60
S010,P039,Snacks Item 39,Snacks,2025-08-18,32,2,167
S010,P040,Beverage Item 40,Beverage,2025-08-15,114,15,199
S010,P041,Produce Item 41,Produce,2025-07-21,39,8,61
S010,P042,Beverage Item 42,Beverage,2025-07-20,73,6,63
S010,P043,Dairy Item 43,Dairy,2025-07-21,4,12,188
S010,P044,Bakery Item 44,Bakery,2025-08-07,68,7,128
S010,P045,Dairy Item 45,Dairy,2025-08-09,14,8,154
S010,P046,Bakery Item 46,Bakery,2025-07-28,13,3,195
S010,P047,Snacks Item 47,Snacks,2025-07-29,74,19,56
S010,P048,Produce Item 48,Produce,2025-08-09,85,3,151
S010,P049,Bakery Item 49,Bakery,2025-07-20,104,14,52
S010,P050,Bakery Item 50,Bakery,2025-08-06,102,10,68
S011,P001,Beverage Item 01,Beverage,2025-08-19,9,7,158
S011,P002,Snacks Item 02,Snacks,2025-08-29,45,14,26
S011,P003,Dairy Item 03,Dairy,2025-08-22,39,17,185
S011,P004,Produce Item 04,Produce,2025-07-17,65,8,166
S011,P005,Snacks Item 05,Snacks,2025-08-14,99,4,44
S011,P006,Produce Item 06,Produce,2025-09-02,74,6,182
S011,P007,Produce Item 07,Produce,2025-07-14,74,9,167
S011,P008,Dairy Item 08,Dairy,2025-08-14,4,5,180
S011,P009,Bakery Item 09,Bakery,2025-08-13,2,1,153
S011,P010,Snacks Item 10,Snacks,2025-08-22,28,11,198
S011,P011,Beverage Item 11,Beverage,2025-07-27,13,7,162
S011,P012,Beverage Item 12,Beverage,2025-07-11,83,20,65
S011,P013,Beverage Item 13,Beverage,2025-07-20,68,18,89
S011,P014,Snacks Item 14,Snacks,2025-08-07,6,16,77
S011,P015,Dairy Item 15,Dairy,2025-07-19,21,18,62
S011,P016,Produce Item 16,Produce,2025-08-04,112,6,111
S011,P017,Dairy Item 17,Dairy,2025-09-03,44,10,24
S011,P018,Produce Item 18,Produce,2025-07-19,85,20,185
S011,P019,Beverage Item 19,Beverage,2025-08-22,61,5,150
S011,P020,Dairy Item 20,Dairy,2025-08-31,21,13,65
S011,P021,Dairy Item 21,Dairy,2025-08-07,88,8,31
S011,P022,Dairy Item 22,Dairy,2025-09-01,102,12,159
S011,P023,Snacks Item 23,Snacks,2025-07-26,60,9,72
S011,P024,Beverage Item 24,Beverage,2025-08-18,56,9,118
S011,P025,Beverage Item 25,Beverage,2025-07-31,29,8,127
S011,P026,Bakery Item 26,Bakery,2025-08-14,35,7,144
S011,P027,Bakery Item 27,Bakery,2025-08-14,92,1,167
S011,P028,Produce Item 28,Produce,2025-08-21,17,15,182
S011,P029,Bakery Item 29,Bakery,2025-07-21,116,12,97
S011,P030,Produce Item 30,Produce,2025-07-15,116,2,161
S011,P031,Snacks Item 31,Snacks,2025-07-21,80,14,50
S011,P032,Dairy Item 32,Dairy,2025-07-23,8,15,67
S011,P033,Produce Item 33,Produce,2025-07-25,69,18,162
S011,P034,Bakery Item 34,Bakery,2025-08-27,107,6,100
S011,P035,Beverage Item 35,Beverage,2025-08-26,28,13,99
S011,P036,Bakery Item 36,Bakery,2025-08-24,87,2,141
S011,P037,Bakery Item 37,Bakery,2025-08-29,21,15,199
S011,P038,Dairy Item 38,Dairy,2025-07-16,45,3,129
S011,P039,Snacks Item 39,Snacks,2025-08-28,43,1,53
S011,P040,Beverage Item 40,Beverage,2025-08-05,23,8,88
S011,P041,Produce Item 41,Produce,2025-07-28,81,6,26
S011,P042,Beverage Item 42,Beverage,2025-08-16,9,9,190
S011,P043,Dairy Item 43,Dairy,2025-08-27,58,3,115
S011,P044,Bakery Item 44,Bakery,2025-08-02,13,4,129
S011,P045,Dairy Item 45,Dairy,2025-08-21,93,4,41
S011,P046,Bakery Item 46,Bakery,2025-09-01,66,2,22
S011,P047,Snacks Item 47,Snacks,2025-09-03,49,11,95
S011,P048,Produce Item 48,Produce,2025-08-25,112,2,176
S011,P049,Bakery Item 49,Bakery,2025-07-10,84,6,127
S011,P050,Bakery Item 50,Bakery,2025-08-31,30,13,191
S012,P001,Beverage Item 01,Beverage,2025-08-10,28,8,162
S012,P002,Snacks Item 02,Snacks,2025-08-12,96,20,152
S012,P003,Dairy Item 03,Dairy,2025-07-11,115,11,197
S012,P004,Produce Item 04,Produce,2025-07-17,117,2,35
S012,P005,Snacks Item 05,Snacks,2025-08-07,85,3,113
S012,P006,Produce Item 06,Produce,2025-08-10,29,2,183
S012,P007,Produce Item 07,Produce,2025-07-27,30,19,125
S012,P008,Dairy Item 08,Dairy,2025-07-10,112,20,180
S012,P009,Bakery Item 09,Bakery,2025-07-19,47,18,177
S012,P010,Snacks Item 10,Snacks,2025-08-02,57,15,187
S012,P011,Beverage Item 11,Beverage,2025-07-14,82,5,91
S012,P012,Beverage Item 12,Beverage,2025-07-14,93,6,148
S012,P013,Beverage Item 13,Beverage,2025-07-16,93,5,69
S012,P014,Snacks Item 14,Snacks,2025-08-08,52,11,75
S012,P015,Dairy Item 15,Dairy,2025-07-09,46,16,29
S012,P016,Produce Item 16,Produce,2025-07-12,97,15,26
S012,P017,Dairy Item 17,Dairy,2025-08-05,84,7,72
S012,P018,Produce Item 18,Produce,2025-08-03,109,8,111
S012,P019,Beverage Item 19,Beverage,2025-08-03,30,20,135
S012,P020,Dairy Item 20,Dairy,2025-08-09,70,14,47
S012,P021,Dairy Item 21,Dairy,2025-07-29,96,8,116
S012,P022,Dairy Item 22,Dairy,2025-08-29,87,11,49
S012,P023,Snacks Item 23,Snacks,2025-08-20,115,12,190
S012,P024,Beverage Item 24,Beverage,2025-07-19,51,6,94
S012,P025,Beverage Item 25,Beverage,2025-08-27,15,4,92
S012,P026,Bakery Item 26,Bakery,2025-08-18,42,4,110
S012,P027,Bakery Item 27,Bakery,2025-07-14,72,14,150
S012,P028,Produce Item 28,Produce,2025-08-09,70,13,182
S012,P029,Bakery Item 29,Bakery,2025-07-25,70,6,169
S012,P030,Produce Item 30,Produce,2025-08-18,106,14,194
S012,P031,Snacks Item 31,Snacks,2025-07-11,115,13,111
S012,P032,Dairy Item 32,Dairy,2025-08-30,102,19,150
S012,P033,Produce Item 33,Produce,2025-07-14,43,12,146
S012,P034,Bakery Item 34,Bakery,2025-07-19,98,18,118
S012,P035,Beverage Item 35,Beverage,2025-07-16,112,5,119
S012,P036,Bakery Item 36,Bakery,2025-07-29,97,10,127
S012,P037,Bakery Item 37,Bakery,2025-08-22,0,11,197
S012,P038,Dairy Item 38,Dairy,2025-08-31,42,2,82
S012,P039,Snacks Item 39,Snacks,2025-08-23,57,10,151
S012,P040,Beverage Item 40,Beverage,2025-08-30,50,18,133
S012,P041,Produce Item 41,Produce,2025-07-19,37,7,178
S012,P042,Beverage Item 42,Beverage,2025-08-10,34,2,47
S012,P043,Dairy Item 43,Dairy,2025-07-23,54,12,84
S012,P044,Bakery Item 44,Bakery,2025-07-18,100,10,50
S012,P045,Dairy Item 45,Dairy,2025-08-19,43,8,81
S012,P046,Bakery Item 46,Bakery,2025-08-12,111,19,32
S012,P047,Snacks Item 47,Snacks,2025-07-14,1,9,98
S012,P048,Produce Item 48,Produce,2025-07-26,118,11,133
S012,P049,Bakery Item 49,Bakery,2025-08-04,70,2,125
S012,P050,Bakery Item 50,Bakery,2025-08-09,23,7,31
S013,P001,Beverage Item 01,Beverage,2025-07-14,88,11,53
S013,P002,Snacks Item 02,Snacks,2025-08-27,23,18,188
S013,P003,Dairy Item 03,Dairy,2025-09-03,104,13,167
S013,P004,Produce Item 04,Produce,2025-07-19,29,8,141
S013,P005,Snacks Item 05,Snacks,2025-07-21,104,6,57
S013,P006,Produce Item 06,Produce,2025-08-11,14,5,138
S013,P007,Produce Item 07,Produce,2025-07-27,74,4,165
S013,P008,Dairy Item 08,Dairy,2025-08-17,12,7,192
S013,P009,Bakery Item 09,Bakery,2025-08-21,102,13,119
S013,P010,Snacks Item 10,Snacks,2025-07-15,50,3,42
S013,P011,Beverage Item 11,Beverage,2025-07-12,115,3,28
S013,P012,Beverage Item 12,Beverage,2025-07-15,73,11,36
S013,P013,Beverage Item 13,Beverage,2025-08-31,60,15,195
S013,P014,Snacks Item 14,Snacks,2025-08-10,38,12,141
S013,P015,Dairy Item 15,Dairy,2025-07-20,75,20,152
S013,P016,Produce Item 16,Produce,2025-07-20,44,1,113
S013,P017,Dairy Item 17,Dairy,2025-07-15,31,8,180
S013,P018,Produce Item 18,Produce,2025-08-22,54,13,49
S013,P019,Beverage Item 19,Beverage,2025-08-30,72,13,197
S013,P020,Dairy Item 20,Dairy,2025-08-04,64,10,161
S013,P021,Dairy Item 21,Dairy,2025-07-30,29,20,198
S013,P022,Dairy Item 22,Dairy,2025-08-09,74,17,122
S013,P023,Snacks Item 23,Snacks,2025-07-12,88,15,69
S013,P024,Beverage Item 24,Beverage,2025-08-19,37,1,139
S013,P025,Beverage Item 25,Beverage,2025-08-27,84,2,183
S013,P026,Bakery Item 26,Bakery,2025-09-01,17,13,57
S013,P027,Bakery Item 27,Bakery,2025-07-17,18,14,183
S013,P028,Produce Item 28,Produce,2025-07-22,62,2,130
S013,P029,Bakery Item 29,Bakery,2025-07-28,34,10,183
S013,P030,Produce Item 30,Produce,2025-07-19,41,14,175
S013,P031,Snacks Item 31,Snacks,2025-08-12,22,17,147
S013,P032,Dairy Item 32,Dairy,2025-07-28,112,18,61
S013,P033,Produce Item 33,Produce,2025-08-19,16,14,58
S013,P034,Bakery Item 34,Bakery,2025-08-18,34,5,36
S013,P035,Beverage Item 35,Beverage,2025-08-29,60,13,148
S013,P036,Bakery Item 36,Bakery,2025-08-14,26,13,24
S013,P037,Bakery Item 37,Bakery,2025-08-23,92,10,174
S013,P038,Dairy Item 38,Dairy,2025-07-09,48,20,23
S013,P039,Snacks Item 39,Snacks,2025-08-05,74,17,49
S013,P040,Beverage Item 40,Beverage,2025-07-21,11,16,51
S013,P041,Produce Item 41,Produce,2025-08-05,3,15,64
S013,P042,Beverage Item 42,Beverage,2025-08-02,84,16,43
S013,P043,Dairy Item 43,Dairy,2025-07-23,61,11,104
S013,P044,Bakery Item 44,Bakery,2025-07-18,67,20,67
S013,P045,Dairy Item 45,Dairy,2025-07-13,100,18,143
S013,P046,Bakery Item 46,Bakery,2025-08-01,118,18,88
S013,P047,Snacks Item 47,Snacks,2025-07-25,56,17,75
S013,P048,Produce Item 48,Produce,2025-07-08,48,19,178
S013,P049,Bakery Item 49,Bakery,2025-08-21,68,18,165
S013,P050,Bakery Item 50,Bakery,2025-08-07,97,6,179
S014,P001,Beverage Item 01,Beverage,2025-08-15,108,16,85
S014,P002,Snacks Item 02,Snacks,2025-08-29,23,9,187
S014,P003,Dairy Item 03,Dairy,2025-07-30,38,12,126
S014,P004,Produce Item 04,Produce,2025-08-18,106,8,37
S014,P005,Snacks Item 05,Snacks,2025-08-11,81,14,65
S014,P006,Produce Item 06,Produce,2025-07-08,0,19,81
S014,P007,Produce Item 07,Produce,2025-07-14,29,2,154
S014,P008,Dairy Item 08,Dairy,2025-07-11,89,11,88
S014,P009,Bakery Item 09,Bakery,2025-07-09,105,18,63
S014,P010,Snacks Item 10,Snacks,2025-08-05,112,10,182
S014,P011,Beverage Item 11,Beverage,2025-08-22,116,2,199
S014,P012,Beverage Item 12,Beverage,2025-07-16,85,4,106
S014,P013,Beverage Item 13,Beverage,2025-08-11,89,14,21
S014,P014,Snacks Item 14,Snacks,2025-07-29,113,12,48
S014,P015,Dairy Item 15,Dairy,2025-07-27,80,8,164
S014,P016,Produce Item 16,Produce,2025-09-01,76,1,131
S014,P017,Dairy Item 17,Dairy,2025-08-30,106,2,188
S014,P018,Produce Item 18,Produce,2025-08-20,91,13,137
S014,P019,Beverage Item 19,Beverage,2025-08-30,56,5,80
S014,P020,Dairy Item 20,Dairy,2025-08-02,104,20,200
S014,P021,Dairy Item 21,Dairy,2025-07-18,22,13,24
S014,P022,Dairy Item 22,Dairy,2025-08-05,2,18,49
S014,P023,Snacks Item 23,Snacks,2025-08-21,5,11,88
S014,P024,Beverage Item 24,Beverage,2025-07-17,62,15,69
S014,P025,Beverage Item 25,Beverage,2025-08-09,36,20,93
S014,P026,Bakery Item 26,Bakery,2025-07-10,4,11,200
S014,P027,Bakery Item 27,Bakery,2025-07-31,102,2,194
S014,P028,Produce Item 28,Produce,2025-07-22,49,13,59
S014,P029,Bakery Item 29,Bakery,2025-08-12,106,9,113
S014,P030,Produce Item 30,Produce,2025-08-10,52,9,183
S014,P031,Snacks Item 31,Snacks,2025-07-22,56,13,75
S014,P032,Dairy Item 32,Dairy,2025-07-23,85,7,120
S014,P033,Produce Item 33,Produce,2025-08-18,89,5,124
S014,P034,Bakery Item 34,Bakery,2025-08-05,71,3,33
S014,P035,Beverage Item 35,Beverage,2025-08-11,89,1,115
S014,P036,Bakery Item 36,Bakery,2025-08-25,112,11,118
S014,P037,Bakery Item 37,Bakery,2025-08-25,46,17,50
S014,P038,Dairy Item 38,Dairy,2025-08-27,38,20,158
S014,P039,Snacks Item 39,Snacks,2025-07-11,63,8,154
S014,P040,Beverage Item 40,Beverage,2025-08-03,80,8,40
S014,P041,Produce Item 41,Produce,2025-08-03,85,1,199
S014,P042,Beverage Item 42,Beverage,2025-07-19,0,3,103
S014,P043,Dairy Item 43,Dairy,2025-08-27,54,12,67
S014,P044,Bakery Item 44,Bakery,2025-08-19,113,20,195
S014,P045,Dairy Item 45,Dairy,2025-08-28,83,18,102
S014,P046,Bakery Item 46,Bakery,2025-07-08,80,6,155
S014,P047,Snacks Item 47,Snacks,2025-08-09,50,8,130
S014,P048,Produce Item 48,Produce,2025-07-21,84,4,193
S014,P049,Bakery Item 49,Bakery,2025-08-01,110,12,45
S014,P050,Bakery Item 50,Bakery,2025-08-17,12,14,124
S015,P001,Beverage Item 01,Beverage,2025-08-16,46,4,116
S015,P002,Snacks Item 02,Snacks,2025-08-23,35,8,83
S015,P003,Dairy Item 03,Dairy,2025-08-22,118,14,123
S015,P004,Produce Item 04,Produce,2025-07-12,37,1,163
S015,P005,Snacks Item 05,Snacks,2025-08-15,92,6,168
S015,P006,Produce Item 06,Produce,2025-07-08,50,14,122
S015,P007,Produce Item 07,Produce,2025-08-15,12,2,75
S015,P008,Dairy Item 08,Dairy,2025-08-17,63,16,111
S015,P009,Bakery Item 09,Bakery,2025-07-13,105,14,153
S015,P010,Snacks Item 10,Snacks,2025-07-23,116,8,94
S015,P011,Beverage Item 11,Beverage,2025-07-16,24,18,41
S015,P012,Beverage Item 12,Beverage,2025-07-16,59,2,128
S015,P013,Beverage Item 13,Beverage,2025-08-27,19,2,165
S015,P014,Snacks Item 14,Snacks,2025-07-22,110,17,133
S015,P015,Dairy Item 15,Dairy,2025-07-15,4,8,76
S015,P016,Produce Item 16,Produce,2025-08-06,38,19,152
S015,P017,Dairy Item 17,Dairy,2025-09-02,87,9,198
S015,P018,Produce Item 18,Produce,2025-08-26,93,17,77
S015,P019,Beverage Item 19,Beverage,2025-07-15,116,3,98
S015,P020,Dairy Item 20,Dairy,2025-07-28,9,1,43
S015,P021,Dairy Item 21,Dairy,2025-08-09,0,13,184
S015,P022,Dairy Item 22,Dairy,2025-07-10,115,7,100
S015,P023,Snacks Item 23,Snacks,2025-07-23,43,17,141
S015,P024,Beverage Item 24,Beverage,2025-08-06,26,4,188
S015,P025,Beverage Item 25,Beverage,2025-07-17,37,19,192
S015,P026,Bakery Item 26,Bakery,2025-08-14,95,17,173
S015,P027,Bakery Item 27,Bakery,2025-08-29,68,16,100
S015,P028,Produce Item 28,Produce,2025-07-30,25,18,142
S015,P029,Bakery Item 29,Bakery,2025-07-16,86,16,149
S015,P030,Produce Item 30,Produce,2025-07-27,47,4,179
S015,P031,Snacks Item 31,Snacks,2025-08-12,31,20,184
S015,P032,Dairy Item 32,Dairy,2025-07-18,11,9,169
S015,P033,Produce Item 33,Produce,2025-08-27,98,17,96
S015,P034,Bakery Item 34,Bakery,2025-08-21,119,12,59
S015,P035,Beverage Item 35,Beverage,2025-08-07,46,11,99
S015,P036,Bakery Item 36,Bakery,2025-08-15,99,4,133
S015,P037,Bakery Item 37,Bakery,2025-08-12,63,8,33
S015,P038,Dairy Item 38,Dairy,2025-07-26,15,2,42
S015,P039,Snacks Item 39,Snacks,2025-07-19,22,3,172
S015,P040,Beverage Item 40,Beverage,2025-08-08,57,10,65
S015,P041,Produce Item 41,Produce,2025-07-17,28,13,38
S015,P042,Beverage Item 42,Beverage,2025-08-09,41,20,151
S015,P043,Dairy Item 43,Dairy,2025-07-25,38,10,87
S015,P044,Bakery Item 44,Bakery,2025-08-17,16,8,44
S015,P045,Dairy Item 45,Dairy,2025-08-12,106,6,163
S015,P046,Bakery Item 46,Bakery,2025-07-08,46,4,97
S015,P047,Snacks Item 47,Snacks,2025-08-30,85,5,125
S015,P048,Produce Item 48,Produce,2025-07-17,8,10,187
S015,P049,Bakery Item 49,Bakery,2025-07-18,97,13,27
S015,P050,Bakery Item 50,Bakery,2025-08-14,48,14,136
S016,P001,Beverage Item 01,Beverage,2025-07-19,35,11,146
S016,P002,Snacks Item 02,Snacks,2025-07-08,72,8,24
S016,P003,Dairy Item 03,Dairy,2025-07-19,4,6,27
S016,P004,Produce Item 04,Produce,2025-07-09,54,18,108
S016,P005,Snacks Item 05,Snacks,2025-07-27,36,14,124
S016,P006,Produce Item 06,Produce,2025-08-16,15,1,163
S016,P007,Produce Item 07,Produce,2025-07-09,118,6,29
S016,P008,Dairy Item 08,Dairy,2025-08-31,108,1,88
S016,P009,Bakery Item 09,Bakery,2025-08-20,40,12,150
S016,P010,Snacks Item 10,Snacks,2025-08-13,97,3,121
S016,P011,Beverage Item 11,Beverage,2025-07-11,72,3,188
S016,P012,Beverage Item 12,Beverage,2025-08-01,72,15,110
S016,P013,Beverage Item 13,Beverage,2025-07-13,7,15,187
S016,P014,Snacks Item 14,Snacks,2025-08-03,78,8,142
S016,P015,Dairy Item 15,Dairy,2025-08-31,57,18,64
S016,P016,Produce Item 16,Produce,2025-07-27,98,19,39
S016,P017,Dairy Item 17,Dairy,2025-08-16,47,18,168
S016,P018,Produce Item 18,Produce,2025-07-15,17,7,62
S016,P019,Beverage Item 19,Beverage,2025-07-24,54,15,114
S016,P020,Dairy Item 20,Dairy,2025-08-10,1,9,119
S016,P021,Dairy Item 21,Dairy,2025-08-22,2,13,161
S016,P022,Dairy Item 22,Dairy,2025-07-18,31,16,42
S016,P023,Snacks Item 23,Snacks,2025-07-29,58,7,127
S016,P024,Beverage Item 24,Beverage,2025-07-31,65,15,109
S016,P025,Beverage Item 25,Beverage,2025-09-03,16,8,170
S016,P026,Bakery Item 26,Bakery,2025-07-20,51,7,52
S016,P027,Bakery Item 27,Bakery,2025-07-08,95,6,109
S016,P028,Produce Item 28,Produce,2025-08-19,110,6,62
S016,P029,Bakery Item 29,Bakery,2025-07-10,17,4,83
S016,P030,Produce Item 30,Produce,2025-08-26,12,15,142
S016,P031,Snacks Item 31,Snacks,2025-07-14,89,4,115
S016,P032,Dairy Item 32,Dairy,2025-07-11,53,17,126
S016,P033,Produce Item 33,Produce,2025-09-01,55,19,43
S016,P034,Bakery Item 34,Bakery,2025-08-27,74,6,85
S016,P035,Beverage Item 35,Beverage,2025-07-10,28,7,27
S016,P036,Bakery Item 36,Bakery,2025-07-10,69,6,134
S016,P037,Bakery Item 37,Bakery,2025-07-10,49,17,147
S016,P038,Dairy Item 38,Dairy,2025-08-26,70,6,145
S016,P039,Snacks Item 39,Snacks,2025-07-17,70,14,136
S016,P040,Beverage Item 40,Beverage,2025-08-05,25,14,126
S016,P041,Produce Item 41,Produce,2025-07-31,100,7,198
S016,P042,Beverage Item 42,Beverage,2025-08-09,84,17,26
S016,P043,Dairy Item 43,Dairy,2025-08-12,51,19,64
S016,P044,Bakery Item 44,Bakery,2025-07-20,97,20,96
S016,P045,Dairy Item 45,Dairy,2025-07-15,81,13,196
S016,P046,Bakery Item 46,Bakery,2025-08-16,29,19,126
S016,P047,Snacks Item 47,Snacks,2025-07-23,33,2,165
S016,P048,Produce Item 48,Produce,2025-07-18,63,6,180
S016,P049,Bakery Item 49,Bakery,2025-08-31,53,11,73
S016,P050,Bakery Item 50,Bakery,2025-08-16,84,12,111
S017,P001,Beverage Item 01,Beverage,2025-07-31,54,16,79
S017,P002,Snacks Item 02,Snacks,2025-09-01,44,9,161
S017,P003,Dairy Item 03,Dairy,2025-07-16,60,16,171
S017,P004,Produce Item 04,Produce,2025-07-15,97,1,79
S017,P005,Snacks Item 05,Snacks,2025-09-03,68,10,28
S017,P006,Produce Item 06,Produce,2025-07-21,67,4,95
S017,P007,Produce Item 07,Produce,2025-08-27,49,15,97
S017,P008,Dairy Item 08,Dairy,2025-08-12,74,1,55
S017,P009,Bakery Item 09,Bakery,2025-07-16,27,19,56
S017,P010,Snacks Item 10,Snacks,2025-07-20,8,1,192
S017,P011,Beverage Item 11,Beverage,2025-08-08,25,6,121
S017,P012,Beverage Item 12,Beverage,2025-08-11,13,20,87
S017,P013,Beverage Item 13,Beverage,2025-08-24,70,11,197
S017,P014,Snacks Item 14,Snacks,2025-08-09,116,1,126
S017,P015,Dairy Item 15,Dairy,2025-07-16,14,1,127
S017,P016,Produce Item 16,Produce,2025-09-01,75,6,70
S017,P017,Dairy Item 17,Dairy,2025-07-26,71,20,57
S017,P018,Produce Item 18,Produce,2025-07-23,11,14,68
S017,P019,Beverage Item 19,Beverage,2025-07-25,25,4,144
S017,P020,Dairy Item 20,Dairy,2025-08-24,110,13,47
S017,P021,Dairy Item 21,Dairy,2025-08-09,100,6,117
S017,P022,Dairy Item 22,Dairy,2025-08-31,75,20,102
S017,P023,Snacks Item 23,Snacks,2025-09-01,95,14,62
S017,P024,Beverage Item 24,Beverage,2025-08-08,45,12,63
S017,P025,Beverage Item 25,Beverage,2025-08-22,6,14,171
S017,P026,Bakery Item 26,Bakery,2025-07-09,16,16,158
S017,P027,Bakery Item 27,Bakery,2025-08-20,26,11,131
S017,P028,Produce Item 28,Produce,2025-08-26,4,20,180
S017,P029,Bakery Item 29,Bakery,2025-07-26,50,11,80
S017,P030,Produce Item 30,Produce,2025-08-30,110,12,156
S017,P031,Snacks Item 31,Snacks,2025-08-23,10,6,171
S017,P032,Dairy Item 32,Dairy,2025-08-15,113,12,147
S017,P033,Produce Item 33,Produce,2025-07-08,72,16,138
S017,P034,Bakery Item 34,Bakery,2025-08-08,36,16,83
S017,P035,Beverage Item 35,Beverage,2025-07-31,0,3,180
S017,P036,Bakery Item 36,Bakery,2025-07-09,106,7,132
S017,P037,Bakery Item 37,Bakery,2025-07-09,97,3,112
S017,P038,Dairy Item 38,Dairy,2025-07-17,38,1,151
S017,P039,Snacks Item 39,Snacks,2025-08-18,90,1,117
S017,P040,Beverage Item 40,Beverage,2025-08-14,73,3,112
S017,P041,Produce Item 41,Produce,2025-08-16,78,7,183
S017,P042,Beverage Item 42,Beverage,2025-08-07,44,3,173
S017,P043,Dairy Item 43,Dairy,2025-07-26,108,7,168
S017,P044,Bakery Item 44,Bakery,2025-07-27,16,10,150
S017,P045,Dairy Item 45,Dairy,2025-08-13,22,5,195
S017,P046,Bakery Item 46,Bakery,2025-08-30,61,2,77
S017,P047,Snacks Item 47,Snacks,2025-07-23,8,11,196
S017,P048,Produce Item 48,Produce,2025-07-14,65,20,133
S017,P049,Bakery Item 49,Bakery,2025-08-23,2,6,158
S017,P050,Bakery Item 50,Bakery,2025-08-29,18,7,21
S018,P001,Beverage Item 01,Beverage,2025-07-15,64,10,25
S018,P002,Snacks Item 02,Snacks,2025-07-29,12,12,53
S018,P003,Dairy Item 03,Dairy,2025-08-12,70,4,76
S018,P004,Produce Item 04,Produce,2025-08-05,21,4,132
S018,P005,Snacks Item 05,Snacks,2025-08-09,49,19,78
S018,P006,Produce Item 06,Produce,2025-09-02,97,12,79
S018,P007,Produce Item 07,Produce,2025-07-23,81,8,147
S018,P008,Dairy Item 08,Dairy,2025-08-16,104,6,89
S018,P009,Bakery Item 09,Bakery,2025-08-27,74,5,132
S018,P010,Snacks Item 10,Snacks,2025-08-26,102,20,162
S018,P011,Beverage Item 11,Beverage,2025-08-16,57,12,135
S018,P012,Beverage Item 12,Beverage,2025-07-24,103,1,66
S018,P013,Beverage Item 13,Beverage,2025-07-28,54,16,70
S018,P014,Snacks Item 14,Snacks,2025-08-18,116,5,80
S018,P015,Dairy Item 15,Dairy,2025-08-18,90,7,130
S018,P016,Produce Item 16,Produce,2025-07-12,51,20,92
S018,P017,Dairy Item 17,Dairy,2025-07-19,101,9,52
S018,P018,Produce Item 18,Produce,2025-07-09,92,14,182
S018,P019,Beverage Item 19,Beverage,2025-08-18,69,3,145
S018,P020,Dairy Item 20,Dairy,2025-08-14,18,9,32
S018,P021,Dairy Item 21,Dairy,2025-07-09,116,20,78
S018,P022,Dairy Item 22,Dairy,2025-07-12,59,5,69
S018,P023,Snacks Item 23,Snacks,2025-07-29,86,10,137
S018,P024,Beverage Item 24,Beverage,2025-07-25,9,3,125
S018,P025,Beverage Item 25,Beverage,2025-08-01,21,2,27
S018,P026,Bakery Item 26,Bakery,2025-07-10,81,6,157
S018,P027,Bakery Item 27,Bakery,2025-07-19,39,7,29
S018,P028,Produce Item 28,Produce,2025-07-27,113,3,105
S018,P029,Bakery Item 29,Bakery,2025-07-11,58,16,173
S018,P030,Produce Item 30,Produce,2025-08-29,21,10,187
S018,P031,Snacks Item 31,Snacks,2025-07-18,110,7,173
S018,P032,Dairy Item 32,Dairy,2025-07-15,46,14,37
S018,P033,Produce Item 33,Produce,2025-08-24,15,15,118
S018,P034,Bakery Item 34,Bakery,2025-07-23,3,17,33
S018,P035,Beverage Item 35,Beverage,2025-08-05,27,19,178
S018,P036,Bakery Item 36,Bakery,2025-07-16,94,13,83
S018,P037,Bakery Item 37,Bakery,2025-07-13,111,6,74
S018,P038,Dairy Item 38,Dairy,2025-07-27,32,18,42
S018,P039,Snacks Item 39,Snacks,2025-07-09,22,4,22
S018,P040,Beverage Item 40,Beverage,2025-08-13,107,8,108
S018,P041,Produce Item 41,Produce,2025-08-03,1,10,48
S018,P042,Beverage Item 42,Beverage,2025-09-01,21,16,121
S018,P043,Dairy Item 43,Dairy,2025-07-15,99,9,57
S018,P044,Bakery Item 44,Bakery,2025-08-25,48,5,105
S018,P045,Dairy Item 45,Dairy,2025-07-22,52,17,137
S018,P046,Bakery Item 46,Bakery,2025-07-09,19,17,163
S018,P047,Snacks Item 47,Snacks,2025-07-23,22,18,73
S018,P048,Produce Item 48,Produce,2025-07-10,5,3,76
S018,P049,Bakery Item 49,Bakery,2025-07-25,10,6,120
S018,P050,Bakery Item 50,Bakery,2025-08-10,99,20,100
S019,P001,Beverage Item 01,Beverage,2025-08-08,8,16,189
S019,P002,Snacks Item 02,Snacks,2025-08-09,44,5,151
S019,P003,Dairy Item 03,Dairy,2025-08-16,97,15,29
S019,P004,Produce Item 04,Produce,2025-07-17,44,16,178
S019,P005,Snacks Item 05,Snacks,2025-08-12,75,8,188
S019,P006,Produce Item 06,Produce,2025-07-16,83,18,189
S019,P007,Produce Item 07,Produce,2025-08-23,103,13,127
S019,P008,Dairy Item 08,Dairy,2025-08-21,44,16,86
S019,P009,Bakery Item 09,Bakery,2025-08-06,83,15,115
S019,P010,Snacks Item 10,Snacks,2025-08-22,24,18,176
S019,P011,Beverage Item 11,Beverage,2025-08-17,6,19,105
S019,P012,Beverage Item 12,Beverage,2025-08-18,29,10,123
S019,P013,Beverage Item 13,Beverage,2025-07-22,8,5,33
S019,P014,Snacks Item 14,Snacks,2025-07-24,75,13,175
S019,P015,Dairy Item 15,Dairy,2025-07-27,36,15,113
S019,P016,Produce Item 16,Produce,2025-07-13,88,8,153
S019,P017,Dairy Item 17,Dairy,2025-07-26,107,10,185
S019,P018,Produce Item 18,Produce,2025-07-22,49,14,111
S019,P019,Beverage Item 19,Beverage,2025-07-31,75,6,128
S019,P020,Dairy Item 20,Dairy,2025-08-14,107,4,46
S019,P021,Dairy Item 21,Dairy,2025-07-28,45,3,75
S019,P022,Dairy Item 22,Dairy,2025-07-31,102,7,38
S019,P023,Snacks Item 23,Snacks,2025-08-18,3,4,158
S019,P024,Beverage Item 24,Beverage,2025-07-15,29,10,157
S019,P025,Beverage Item 25,Beverage,2025-08-06,78,8,54
S019,P026,Bakery Item 26,Bakery,2025-08-14,55,12,37
S019,P027,Bakery Item 27,Bakery,2025-07-30,77,2,57
S019,P028,Produce Item 28,Produce,2025-08-26,20,16,183
S019,P029,Bakery Item 29,Bakery,2025-08-24,100,9,119
S019,P030,Produce Item 30,Produce,2025-07-10,21,12,199
S019,P031,Snacks Item 31,Snacks,2025-08-20,33,5,48
S019,P032,Dairy Item 32,Dairy,2025-08-23,54,20,116
S019,P033,Produce Item 33,Produce,2025-08-05,70,20,170
S019,P034,Bakery Item 34,Bakery,2025-08-16,29,13,66
S019,P035,Beverage Item 35,Beverage,2025-07-29,100,11,183
S019,P036,Bakery Item 36,Bakery,2025-07-31,78,15,45
S019,P037,Bakery Item 37,Bakery,2025-07-11,73,14,195
S019,P038,Dairy Item 38,Dairy,2025-07-24,24,8,22
S019,P039,Snacks Item 39,Snacks,2025-07-27,109,3,154
S019,P040,Beverage Item 40,Beverage,2025-08-21,97,7,54
S019,P041,Produce Item 41,Produce,2025-07-24,16,19,105
S019,P042,Beverage Item 42,Beverage,2025-08-18,36,7,126
S019,P043,Dairy Item 43,Dairy,2025-08-06,56,14,172
S019,P044,Bakery Item 44,Bakery,2025-08-09,19,7,169
S019,P045,Dairy Item 45,Dairy,2025-09-01,75,12,152
S019,P046,Bakery Item 46,Bakery,2025-08-25,30,14,133
S019,P047,Snacks Item 47,Snacks,2025-07-29,44,13,142
S019,P048,Produce Item 48,Produce,2025-07-25,4,9,45
S019,P049,Bakery Item 49,Bakery,2025-08-12,113,8,89
S019,P050,Bakery Item 50,Bakery,2025-08-19,59,16,176
S020,P001,Beverage Item 01,Beverage,2025-08-18,57,6,101
S020,P002,Snacks Item 02,Snacks,2025-09-03,39,11,33
S020,P003,Dairy Item 03,Dairy,2025-09-02,73,9,95
S020,P004,Produce Item 04,Produce,2025-08-22,63,19,105
S020,P005,Snacks Item 05,Snacks,2025-08-07,101,1,124
S020,P006,Produce Item 06,Produce,2025-07-26,69,9,151
S020,P007,Produce Item 07,Produce,2025-08-02,9,15,105
S020,P008,Dairy Item 08,Dairy,2025-08-27,115,17,130
S020,P009,Bakery Item 09,Bakery,2025-08-11,79,2,176
S020,P010,Snacks Item 10,Snacks,2025-08-09,21,14,51
S020,P011,Beverage Item 11,Beverage,2025-07-11,73,2,109
S020,P012,Beverage Item 12,Beverage,2025-08-03,111,19,147
S020,P013,Beverage Item 13,Beverage,2025-09-02,104,7,197
S020,P014,Snacks Item 14,Snacks,2025-07-12,28,2,168
S020,P015,Dairy Item 15,Dairy,2025-08-04,110,2,26
S020,P016,Produce Item 16,Produce,2025-08-01,63,1,135
S020,P017,Dairy Item 17,Dairy,2025-07-11,41,14,125
S020,P018,Produce Item 18,Produce,2025-08-09,2,7,142
S020,P019,Beverage Item 19,Beverage,2025-08-22,80,16,93
S020,P020,Dairy Item 20,Dairy,2025-07-09,83,5,126
S020,P021,Dairy Item 21,Dairy,2025-07-26,109,9,75
S020,P022,Dairy Item 22,Dairy,2025-08-26,34,15,29
S020,P023,Snacks Item 23,Snacks,2025-07-08,54,13,140
S020,P024,Beverage Item 24,Beverage,2025-08-27,85,1,106
S020,P025,Beverage Item 25,Beverage,2025-08-29,23,13,178
S020,P026,Bakery Item 26,Bakery,2025-08-02,12,13,146
S020,P027,Bakery Item 27,Bakery,2025-07-17,34,16,92
S020,P028,Produce Item 28,Produce,2025-08-29,55,12,93
S020,P029,Bakery Item 29,Bakery,2025-07-27,18,6,45
S020,P030,Produce Item 30,Produce,2025-08-28,99,16,198
S020,P031,Snacks Item 31,Snacks,2025-07-11,74,5,122
S020,P032,Dairy Item 32,Dairy,2025-08-18,46,1,88
S020,P033,Produce Item 33,Produce,2025-07-27,118,17,74
S020,P034,Bakery Item 34,Bakery,2025-07-30,61,8,100
S020,P035,Beverage Item 35,Beverage,2025-08-09,116,14,186
S020,P036,Bakery Item 36,Bakery,2025-08-07,80,15,198
S020,P037,Bakery Item 37,Bakery,2025-08-14,49,10,172
S020,P038,Dairy Item 38,Dairy,2025-07-20,32,6,56
S020,P039,Snacks Item 39,Snacks,2025-08-24,62,10,72
S020,P040,Beverage Item 40,Beverage,2025-08-08,34,3,88
S020,P041,Produce Item 41,Produce,2025-08-10,100,18,166
S020,P042,Beverage Item 42,Beverage,2025-08-04,45,19,48
S020,P043,Dairy Item 43,Dairy,2025-08-08,50,11,151
S020,P044,Bakery Item 44,Bakery,2025-07-27,51,17,65
S020,P045,Dairy Item 45,Dairy,2025-08-18,67,9,173
S020,P046,Bakery Item 46,Bakery,2025-08-09,6,16,89
S020,P047,Snacks Item 47,Snacks,2025-07-22,70,10,167
S020,P048,Produce Item 48,Produce,2025-07-26,83,18,165
S020,P049,Bakery Item 49,Bakery,2025-08-08,58,1,143
S020,P050,Bakery Item 50,Bakery,2025-08-13,82,7,138
S021,P001,Beverage Item 01,Beverage,2025-07-20,79,13,48
S021,P002,Snacks Item 02,Snacks,2025-08-08,104,13,184
S021,P003,Dairy Item 03,Dairy,2025-08-30,42,3,188
S021,P004,Produce Item 04,Produce,2025-08-12,5,8,199
S021,P005,Snacks Item 05,Snacks,2025-08-30,108,3,54
S021,P006,Produce Item 06,Produce,2025-08-18,25,2,150
S021,P007,Produce Item 07,Produce,2025-07-26,85,16,95
S021,P008,Dairy Item 08,Dairy,2025-07-19,25,11,188
S021,P009,Bakery Item 09,Bakery,2025-07-30,33,7,66
S021,P010,Snacks Item 10,Snacks,2025-07-14,16,14,174
S021,P011,Beverage Item 11,Beverage,2025-08-08,1,1,176
S021,P012,Beverage Item 12,Beverage,2025-08-30,86,2,83
S021,P013,Beverage Item 13,Beverage,2025-08-19,93,15,198
S021,P014,Snacks Item 14,Snacks,2025-08-14,41,18,32
S021,P015,Dairy Item 15,Dairy,2025-07-12,52,11,199
S021,P016,Produce Item 16,Produce,2025-08-25,67,14,41
S021,P017,Dairy Item 17,Dairy,2025-08-11,27,1,108
S021,P018,Produce Item 18,Produce,2025-08-22,7,20,102
S021,P019,Beverage Item 19,Beverage,2025-08-28,106,17,25
S021,P020,Dairy Item 20,Dairy,2025-09-02,77,9,129
S021,P021,Dairy Item 21,Dairy,2025-08-30,74,11,84
S021,P022,Dairy Item 22,Dairy,2025-07-17,66,1,57
S021,P023,Snacks Item 23,Snacks,2025-07-11,41,12,102
S021,P024,Beverage Item 24,Beverage,2025-08-06,67,4,98
S021,P025,Beverage Item 25,Beverage,2025-08-05,8,10,134
S021,P026,Bakery Item 26,Bakery,2025-07-23,79,20,139
S021,P027,Bakery Item 27,Bakery,2025-08-30,7,10,140
S021,P028,Produce Item 28,Produce,2025-08-07,110,14,119
S021,P029,Bakery Item 29,Bakery,2025-07-20,17,19,67
S021,P030,Produce Item 30,Produce,2025-07-10,51,10,188
S021,P031,Snacks Item 31,Snacks,2025-07-12,103,14,80
S021,P032,Dairy Item 32,Dairy,2025-07-13,108,1,194
S021,P033,Produce Item 33,Produce,2025-08-18,41,12,86
S021,P034,Bakery Item 34,Bakery,2025-08-23,89,8,150
S021,P035,Beverage Item 35,Beverage,2025-08-23,31,6,145
S021,P036,Bakery Item 36,Bakery,2025-08-01,86,9,169
S021,P037,Bakery Item 37,Bakery,2025-07-09,60,19,195
S021,P038,Dairy Item 38,Dairy,2025-07-24,26,11,169
S021,P039,Snacks Item 39,Snacks,2025-08-20,100,8,140
S021,P040,Beverage Item 40,Beverage,2025-08-03,99,15,103
S021,P041,Produce Item 41,Produce,2025-08-22,93,5,49
S021,P042,Beverage Item 42,Beverage,2025-08-08,4,8,192
S021,P043,Dairy Item 43,Dairy,2025-08-07,16,1,116
S021,P044,Bakery Item 44,Bakery,2025-08-13,102,6,137
S021,P045,Dairy Item 45,Dairy,2025-08-06,12,3,166
S021,P046,Bakery Item 46,Bakery,2025-08-02,119,7,77
S021,P047,Snacks Item 47,Snacks,2025-08-05,55,14,62
S021,P048,Produce Item 48,Produce,2025-08-08,48,5,80
S021,P049,Bakery Item 49,Bakery,2025-07-12,95,4,112
S021,P050,Bakery Item 50,Bakery,2025-07-18,9,7,24
S022,P001,Beverage Item 01,Beverage,2025-07-21,87,20,87
S022,P002,Snacks Item 02,Snacks,2025-08-02,108,15,196
S022,P003,Dairy Item 03,Dairy,2025-07-24,83,6,117
S022,P004,Produce Item 04,Produce,2025-07-19,13,6,137
S022,P005,Snacks Item 05,Snacks,2025-08-24,45,11,78
S022,P006,Produce Item 06,Produce,2025-08-20,117,16,49
S022,P007,Produce Item 07,Produce,2025-08-05,0,17,155
S022,P008,Dairy Item 08,Dairy,2025-08-04,114,12,44
S022,P009,Bakery Item 09,Bakery,2025-08-21,70,5,168
S022,P010,Snacks Item 10,Snacks,2025-07-29,117,10,23
S022,P011,Beverage Item 11,Beverage,2025-08-18,20,16,144
S022,P012,Beverage Item 12,Beverage,2025-07-19,14,3,172
S022,P013,Beverage Item 13,Beverage,2025-07-30,91,3,147
S022,P014,Snacks Item 14,Snacks,2025-08-02,22,12,175
S022,P015,Dairy Item 15,Dairy,2025-08-24,42,13,160
S022,P016,Produce Item 16,Produce,2025-07-26,119,9,68
S022,P017,Dairy Item 17,Dairy,2025-08-13,29,13,107
S022,P018,Produce Item 18,Produce,2025-07-27,39,16,112
S022,P019,Beverage Item 19,Beverage,2025-09-01,64,2,33
S022,P020,Dairy Item 20,Dairy,2025-08-29,74,15,156
S022,P021,Dairy Item 21,Dairy,2025-07-16,2,18,168
S022,P022,Dairy Item 22,Dairy,2025-07-11,51,6,112
S022,P023,Snacks Item 23,Snacks,2025-08-05,110,18,61
S022,P024,Beverage Item 24,Beverage,2025-08-14,33,11,137
S022,P025,Beverage Item 25,Beverage,2025-07-29,94,12,113
S022,P026,Bakery Item 26,Bakery,2025-07-31,64,16,137
S022,P027,Bakery Item 27,Bakery,2025-07-27,39,4,95
S022,P028,Produce Item 28,Produce,2025-08-07,31,3,130
S022,P029,Bakery Item 29,Bakery,2025-08-13,45,12,27
S022,P030,Produce Item 30,Produce,2025-08-22,34,18,71
S022,P031,Snacks Item 31,Snacks,2025-07-14,34,18,184
S022,P032,Dairy Item 32,Dairy,2025-07-12,62,11,174
S022,P033,Produce Item 33,Produce,2025-09-01,107,12,78
S022,P034,Bakery Item 34,Bakery,2025-07-16,58,8,54
S022,P035,Beverage Item 35,Beverage,2025-08-17,94,6,31
S022,P036,Bakery Item 36,Bakery,2025-07-09,62,20,133
S022,P037,Bakery Item 37,Bakery,2025-08-07,23,9,151
S022,P038,Dairy Item 38,Dairy,2025-07-20,60,3,194
S022,P039,Snacks Item 39,Snacks,2025-08-18,50,12,199
S022,P040,Beverage Item 40,Beverage,2025-07-10,99,9,99
S022,P041,Produce Item 41,Produce,2025-07-11,40,11,24
S022,P042,Beverage Item 42,Beverage,2025-07-26,72,13,188
S022,P043,Dairy Item 43,Dairy,2025-08-01,39,4,21
S022,P044,Bakery Item 44,Bakery,2025-08-26,65,4,65
S022,P045,Dairy Item 45,Dairy,2025-09-01,33,9,29
S022,P046,Bakery Item 46,Bakery,2025-07-22,101,3,135
S022,P047,Snacks Item 47,Snacks,2025-08-04,72,12,155
S022,P048,Produce Item 48,Produce,2025-07-08,74,4,173
S022,P049,Bakery Item 49,Bakery,2025-07-12,92,17,65
S022,P050,Bakery Item 50,Bakery,2025-08-07,90,3,52
S023,P001,Beverage Item 01,Beverage,2025-07-16,79,4,178
S023,P002,Snacks Item 02,Snacks,2025-07-20,2,20,23
S023,P003,Dairy Item 03,Dairy,2025-08-30,35,1,46
S023,P004,Produce Item 04,Produce,2025-07-14,93,1,121
S023,P005,Snacks Item 05,Snacks,2025-07-22,102,5,48
S023,P006,Produce Item 06,Produce,2025-07-15,42,18,57
S023,P007,Produce Item 07,Produce,2025-08-12,83,2,185
S023,P008,Dairy Item 08,Dairy,2025-07-29,41,9,56
S023,P009,Bakery Item 09,Bakery,2025-08-02,39,19,163
S023,P010,Snacks Item 10,Snacks,2025-07-21,102,13,128
S023,P011,Beverage Item 11,Beverage,2025-08-31,95,16,171
S023,P012,Beverage Item 12,Beverage,2025-07-31,6,17,80
S023,P013,Beverage Item 13,Beverage,2025-08-09,39,4,22
S023,P014,Snacks Item 14,Snacks,2025-08-14,0,12,138
S023,P015,Dairy Item 15,Dairy,2025-07-13,26,18,48
S023,P016,Produce Item 16,Produce,2025-07-27,28,7,200
S023,P017,Dairy Item 17,Dairy,2025-08-23,32,9,172
S023,P018,Produce Item 18,Produce,2025-08-20,21,20,104
S023,P019,Beverage Item 19,Beverage,2025-08-03,86,8,196
S023,P020,Dairy Item 20,Dairy,2025-07-10,112,20,65
S023,P021,Dairy Item 21,Dairy,2025-08-06,34,7,178
S023,P022,Dairy Item 22,Dairy,2025-08-07,54,1,44
S023,P023,Snacks Item 23,Snacks,2025-08-23,34,20,21
S023,P024,Beverage Item 24,Beverage,2025-08-26,114,2,186
S023,P025,Beverage Item 25,Beverage,2025-08-16,113,6,47
S023,P026,Bakery Item 26,Bakery,2025-08-27,27,20,182
S023,P027,Bakery Item 27,Bakery,2025-07-18,72,19,26
S023,P028,Produce Item 28,Produce,2025-07-30,87,17,199
S023,P029,Bakery Item 29,Bakery,2025-08-28,57,3,135
S023,P030,Produce Item 30,Produce,2025-08-18,74,6,46
S023,P031,Snacks Item 31,Snacks,2025-08-26,84,18,182
S023,P032,Dairy Item 32,Dairy,2025-07-28,47,3,129
S023,P033,Produce Item 33,Produce,2025-08-27,116,2,33
S023,P034,Bakery Item 34,Bakery,2025-07-16,57,13,40
S023,P035,Beverage Item 35,Beverage,2025-08-10,98,13,161
S023,P036,Bakery Item 36,Bakery,2025-07-26,78,4,30
S023,P037,Bakery Item 37,Bakery,2025-08-02,9,2,95
S023,P038,Dairy Item 38,Dairy,2025-07-12,65,18,193
S023,P039,Snacks Item 39,Snacks,2025-07-30,44,2,69
S023,P040,Beverage Item 40,Beverage,2025-07-26,82,5,181
S023,P041,Produce Item 41,Produce,2025-08-12,7,12,68
S023,P042,Beverage Item 42,Beverage,2025-08-01,14,20,95
S023,P043,Dairy Item 43,Dairy,2025-08-26,71,5,172
S023,P044,Bakery Item 44,Bakery,2025-07-10,20,17,66
S023,P045,Dairy Item 45,Dairy,2025-07-08,75,14,159
S023,P046,Bakery Item 46,Bakery,2025-08-31,74,19,49
S023,P047,Snacks Item 47,Snacks,2025-07-15,80,15,163
S023,P048,Produce Item 48,Produce,2025-08-24,33,16,26
S023,P049,Bakery Item 49,Bakery,2025-08-27,29,7,63
S023,P050,Bakery Item 50,Bakery,2025-07-11,107,18,90
S024,P001,Beverage Item 01,Beverage,2025-08-09,28,15,44
S024,P002,Snacks Item 02,Snacks,2025-07-09,95,20,44
S024,P003,Dairy Item 03,Dairy,2025-07-08,58,20,200
S024,P004,Produce Item 04,Produce,2025-08-14,115,17,50
S024,P005,Snacks Item 05,Snacks,2025-07-19,86,3,191
S024,P006,Produce Item 06,Produce,2025-09-01,81,17,171
S024,P007,Produce Item 07,Produce,2025-07-12,108,14,100
S024,P008,Dairy Item 08,Dairy,2025-08-25,5,10,200
S024,P009,Bakery Item 09,Bakery,2025-08-05,33,15,117
S024,P010,Snacks Item 10,Snacks,2025-07-29,39,3,46
S024,P011,Beverage Item 11,Beverage,2025-09-01,1,5,93
S024,P012,Beverage Item 12,Beverage,2025-08-31,83,3,191
S024,P013,Beverage Item 13,Beverage,2025-07-26,63,20,69
S024,P014,Snacks Item 14,Snacks,2025-08-08,3,18,143
S024,P015,Dairy Item 15,Dairy,2025-08-30,84,16,152
S024,P016,Produce Item 16,Produce,2025-07-11,96,20,81
S024,P017,Dairy Item 17,Dairy,2025-08-11,18,12,65
S024,P018,Produce Item 18,Produce,2025-08-16,81,15,46
S024,P019,Beverage Item 19,Beverage,2025-07-21,86,19,116
S024,P020,Dairy Item 20,Dairy,2025-08-02,99,19,148
S024,P021,Dairy Item 21,Dairy,2025-08-31,2,14,130
S024,P022,Dairy Item 22,Dairy,2025-09-03,95,5,67
S024,P023,Snacks Item 23,Snacks,2025-08-01,62,4,54
S024,P024,Beverage Item 24,Beverage,2025-07-26,110,20,166
S024,P025,Beverage Item 25,Beverage,2025-08-13,32,6,114
S024,P026,Bakery Item 26,Bakery,2025-07-12,97,14,28
S024,P027,Bakery Item 27,Bakery,2025-08-09,36,15,119
S024,P028,Produce Item 28,Produce,2025-08-06,58,7,126
S024,P029,Bakery Item 29,Bakery,2025-07-31,27,2,167
S024,P030,Produce Item 30,Produce,2025-07-22,14,2,108
S024,P031,Snacks Item 31,Snacks,2025-07-22,23,1,189
S024,P032,Dairy Item 32,Dairy,2025-08-16,37,18,114
S024,P033,Produce Item 33,Produce,2025-07-16,44,5,165
S024,P034,Bakery Item 34,Bakery,2025-09-02,104,9,41
S024,P035,Beverage Item 35,Beverage,2025-08-02,10,16,73
S024,P036,Bakery Item 36,Bakery,2025-07-26,65,1,32
S024,P037,Bakery Item 37,Bakery,2025-07-11,113,6,108
S024,P038,Dairy Item 38,Dairy,2025-08-28,51,16,58
S024,P039,Snacks Item 39,Snacks,2025-07-10,105,6,25
S024,P040,Beverage Item 40,Beverage,2025-07-28,113,1,137
S024,P041,Produce Item 41,Produce,2025-07-23,33,7,122
S024,P042,Beverage Item 42,Beverage,2025-07-10,51,15,115
S024,P043,Dairy Item 43,Dairy,2025-07-27,84,19,86
S024,P044,Bakery Item 44,Bakery,2025-08-04,45,4,124
S024,P045,Dairy Item 45,Dairy,2025-07-16,25,16,188
S024,P046,Bakery Item 46,Bakery,2025-08-13,104,20,31
S024,P047,Snacks Item 47,Snacks,2025-08-19,20,1,120
S024,P048,Produce Item 48,Produce,2025-07-21,78,3,178
S024,P049,Bakery Item 49,Bakery,2025-07-28,26,11,144
S024,P050,Bakery Item 50,Bakery,2025-08-29,22,1,59
S025,P001,Beverage Item 01,Beverage,2025-08-16,112,6,127
S025,P002,Snacks Item 02,Snacks,2025-07-31,111,8,184
S025,P003,Dairy Item 03,Dairy,2025-08-13,86,20,94
S025,P004,Produce Item 04,Produce,2025-08-19,49,12,88
S025,P005,Snacks Item 05,Snacks,2025-07-08,98,14,161
S025,P006,Produce Item 06,Produce,2025-08-19,88,8,36
S025,P007,Produce Item 07,Produce,2025-08-06,59,19,23
S025,P008,Dairy Item 08,Dairy,2025-07-19,100,16,23
S025,P009,Bakery Item 09,Bakery,2025-08-17,83,19,152
S025,P010,Snacks Item 10,Snacks,2025-07-09,86,11,129
S025,P011,Beverage Item 11,Beverage,2025-08-14,109,19,113
S025,P012,Beverage Item 12,Beverage,2025-08-19,36,12,108
S025,P013,Beverage Item 13,Beverage,2025-09-01,76,19,57
S025,P014,Snacks Item 14,Snacks,2025-09-02,117,5,67
S025,P015,Dairy Item 15,Dairy,2025-07-17,99,10,70
S025,P016,Produce Item 16,Produce,2025-08-13,53,18,73
S025,P017,Dairy Item 17,Dairy,2025-07-21,3,16,154
S025,P018,Produce Item 18,Produce,2025-08-28,79,7,83
S025,P019,Beverage Item 19,Beverage,2025-07-08,68,4,44
S025,P020,Dairy Item 20,Dairy,2025-08-22,82,10,108
S025,P021,Dairy Item 21,Dairy,2025-08-09,44,5,49
S025,P022,Dairy Item 22,Dairy,2025-08-29,33,8,78
S025,P023,Snacks Item 23,Snacks,2025-07-17,117,5,130
S025,P024,Beverage Item 24,Beverage,2025-07-09,109,2,97
S025,P025,Beverage Item 25,Beverage,2025-08-19,113,14,31
S025,P026,Bakery Item 26,Bakery,2025-07-24,119,1,170
S025,P027,Bakery Item 27,Bakery,2025-08-20,41,8,67
S025,P028,Produce Item 28,Produce,2025-07-18,24,13,110
S025,P029,Bakery Item 29,Bakery,2025-08-15,1,5,66
S025,P030,Produce Item 30,Produce,2025-08-30,40,5,199
S025,P031,Snacks Item 31,Snacks,2025-07-12,22,1,43
S025,P032,Dairy Item 32,Dairy,2025-08-12,85,16,90
S025,P033,Produce Item 33,Produce,2025-08-07,74,9,107
S025,P034,Bakery Item 34,Bakery,2025-07-29,64,4,32
S025,P035,Beverage Item 35,Beverage,2025-07-27,53,7,60
S025,P036,Bakery Item 36,Bakery,2025-08-22,12,4,61
S025,P037,Bakery Item 37,Bakery,2025-08-22,110,3,147
S025,P038,Dairy Item 38,Dairy,2025-08-08,65,16,104
S025,P039,Snacks Item 39,Snacks,2025-07-09,14,1,31
S025,P040,Beverage Item 40,Beverage,2025-07-28,1,6,40
S025,P041,Produce Item 41,Produce,2025-08-28,116,9,175
S025,P042,Beverage Item 42,Beverage,2025-08-04,26,14,69
S025,P043,Dairy Item 43,Dairy,2025-07-17,71,5,20
S025,P044,Bakery Item 44,Bakery,2025-08-11,48,8,79
S025,P045,Dairy Item 45,Dairy,2025-09-02,44,2,105
S025,P046,Bakery Item 46,Bakery,2025-08-30,101,7,180
S025,P047,Snacks Item 47,Snacks,2025-08-31,101,2,136
S025,P048,Produce Item 48,Produce,2025-08-23,5,9,104
S025,P049,Bakery Item 49,Bakery,2025-07-27,115,15,27
S025,P050,Bakery Item 50,Bakery,2025-08-08,45,17,191
S026,P001,Beverage Item 01,Beverage,2025-08-09,43,14,93
S026,P002,Snacks Item 02,Snacks,2025-07-29,34,17,103
S026,P003,Dairy Item 03,Dairy,2025-07-15,16,14,160
S026,P004,Produce Item 04,Produce,2025-08-30,13,3,126
S026,P005,Snacks Item 05,Snacks,2025-08-22,115,9,73
S026,P006,Produce Item 06,Produce,2025-07-14,100,4,70
S026,P007,Produce Item 07,Produce,2025-08-17,86,19,27
S026,P008,Dairy Item 08,Dairy,2025-07-08,101,7,75
S026,P009,Bakery Item 09,Bakery,2025-08-19,52,5,121
S026,P010,Snacks Item 10,Snacks,2025-07-12,34,1,92
S026,P011,Beverage Item 11,Beverage,2025-09-03,15,11,176
S026,P012,Beverage Item 12,Beverage,2025-07-18,17,16,57
S026,P013,Beverage Item 13,Beverage,2025-08-10,42,16,199
S026,P014,Snacks Item 14,Snacks,2025-08-02,86,13,23
S026,P015,Dairy Item 15,Dairy,2025-08-20,114,5,91
S026,P016,Produce Item 16,Produce,2025-08-24,24,7,174
S026,P017,Dairy Item 17,Dairy,2025-07-31,58,20,107
S026,P018,Produce Item 18,Produce,2025-08-03,105,18,166
S026,P019,Beverage Item 19,Beverage,2025-08-09,26,19,134
S026,P020,Dairy Item 20,Dairy,2025-07-23,69,14,155
S026,P021,Dairy Item 21,Dairy,2025-07-11,39,18,138
S026,P022,Dairy Item 22,Dairy,2025-08-04,89,18,195
S026,P023,Snacks Item 23,Snacks,2025-07-15,21,3,147
S026,P024,Beverage Item 24,Beverage,2025-07-27,84,5,20
S026,P025,Beverage Item 25,Beverage,2025-08-23,35,15,100
S026,P026,Bakery Item 26,Bakery,2025-08-22,54,18,75
S026,P027,Bakery Item 27,Bakery,2025-09-01,93,4,135
S026,P028,Produce Item 28,Produce,2025-07-14,92,20,100
S026,P029,Bakery Item 29,Bakery,2025-09-03,84,10,110
S026,P030,Produce Item 30,Produce,2025-08-13,11,6,171
S026,P031,Snacks Item 31,Snacks,2025-08-24,46,5,115
S026,P032,Dairy Item 32,Dairy,2025-08-10,30,14,44
S026,P033,Produce Item 33,Produce,2025-08-02,94,2,195
S026,P034,Bakery Item 34,Bakery,2025-07-29,56,17,45
S026,P035,Beverage Item 35,Beverage,2025-08-15,12,13,97
S026,P036,Bakery Item 36,Bakery,2025-08-23,30,18,117
S026,P037,Bakery Item 37,Bakery,2025-07-31,6,9,175
S026,P038,Dairy Item 38,Dairy,2025-08-19,15,16,55
S026,P039,Snacks Item 39,Snacks,2025-08-09,97,8,160
S026,P040,Beverage Item 40,Beverage,2025-08-02,10,9,147
S026,P041,Produce Item 41,Produce,2025-09-02,47,9,97
S026,P042,Beverage Item 42,Beverage,2025-08-28,63,2,28
S026,P043,Dairy Item 43,Dairy,2025-08-13,90,5,157
S026,P044,Bakery Item 44,Bakery,2025-08-02,8,14,83
S026,P045,Dairy Item 45,Dairy,2025-08-03,96,11,139
S026,P046,Bakery Item 46,Bakery,2025-07-13,6,5,67
S026,P047,Snacks Item 47,Snacks,2025-07-09,16,4,153
S026,P048,Produce Item 48,Produce,2025-07-09,12,1,142
S026,P049,Bakery Item 49,Bakery,2025-07-22,66,7,150
S026,P050,Bakery Item 50,Bakery,2025-08-11,101,12,85
S027,P001,Beverage Item 01,Beverage,2025-07-16,52,13,86
S027,P002,Snacks Item 02,Snacks,2025-08-08,77,8,110
S027,P003,Dairy Item 03,Dairy,2025-08-06,43,5,76
S027,P004,Produce Item 04,Produce,2025-07-24,82,5,158
S027,P005,Snacks Item 05,Snacks,2025-07-14,9,12,189
S027,P006,Produce Item 06,Produce,2025-07-25,113,3,88
S027,P007,Produce Item 07,Produce,2025-08-03,19,3,42
S027,P008,Dairy Item 08,Dairy,2025-07-08,73,12,110
S027,P009,Bakery Item 09,Bakery,2025-07-11,21,18,109
S027,P010,Snacks Item 10,Snacks,2025-07-15,70,9,81
S027,P011,Beverage Item 11,Beverage,2025-07-24,28,2,45
S027,P012,Beverage Item 12,Beverage,2025-08-17,98,19,109
S027,P013,Beverage Item 13,Beverage,2025-07-21,106,18,25
S027,P014,Snacks Item 14,Snacks,2025-07-14,27,11,36
S027,P015,Dairy Item 15,Dairy,2025-08-21,114,12,129
S027,P016,Produce Item 16,Produce,2025-08-20,55,9,28
S027,P017,Dairy Item 17,Dairy,2025-08-23,95,17,75
S027,P018,Produce Item 18,Produce,2025-08-06,46,19,99
S027,P019,Beverage Item 19,Beverage,2025-08-30,95,1,150
S027,P020,Dairy Item 20,Dairy,2025-07-31,110,2,161
S027,P021,Dairy Item 21,Dairy,2025-07-31,44,15,102
S027,P022,Dairy Item 22,Dairy,2025-08-27,86,7,196
S027,P023,Snacks Item 23,Snacks,2025-08-17,117,1,117
S027,P024,Beverage Item 24,Beverage,2025-07-17,4,10,128
S027,P025,Beverage Item 25,Beverage,2025-07-17,93,11,182
S027,P026,Bakery Item 26,Bakery,2025-07-12,79,10,26
S027,P027,Bakery Item 27,Bakery,2025-07-27,7,5,56
S027,P028,Produce Item 28,Produce,2025-08-26,84,6,61
S027,P029,Bakery Item 29,Bakery,2025-07-18,52,14,160
S027,P030,Produce Item 30,Produce,2025-08-27,23,4,86
S027,P031,Snacks Item 31,Snacks,2025-08-14,119,9,126
S027,P032,Dairy Item 32,Dairy,2025-07-26,59,18,149
S027,P033,Produce Item 33,Produce,2025-07-19,75,16,85
S027,P034,Bakery Item 34,Bakery,2025-08-02,34,14,82
S027,P035,Beverage Item 35,Beverage,2025-08-27,23,11,134
S027,P036,Bakery Item 36,Bakery,2025-08-31,42,19,114
S027,P037,Bakery Item 37,Bakery,2025-07-17,39,6,158
S027,P038,Dairy Item 38,Dairy,2025-08-04,51,12,151
S027,P039,Snacks Item 39,Snacks,2025-08-13,54,20,152
S027,P040,Beverage Item 40,Beverage,2025-07-14,5,16,128
S027,P041,Produce Item 41,Produce,2025-08-05,107,20,65
S027,P042,Beverage Item 42,Beverage,2025-08-06,42,4,157
S027,P043,Dairy Item 43,Dairy,2025-08-20,91,10,153
S027,P044,Bakery Item 44,Bakery,2025-08-27,110,17,124
S027,P045,Dairy Item 45,Dairy,2025-07-11,23,17,102
S027,P046,Bakery Item 46,Bakery,2025-08-25,31,4,166
S027,P047,Snacks Item 47,Snacks,2025-09-01,19,19,199
S027,P048,Produce Item 48,Produce,2025-07-19,73,8,118
S027,P049,Bakery Item 49,Bakery,2025-07-24,3,11,39
S027,P050,Bakery Item 50,Bakery,2025-09-03,116,2,74
S028,P001,Beverage Item 01,Beverage,2025-08-13,3,9,32
S028,P002,Snacks Item 02,Snacks,2025-08-31,51,16,77
S028,P003,Dairy Item 03,Dairy,2025-09-01,66,9,78
S028,P004,Produce Item 04,Produce,2025-09-03,13,1,20
S028,P005,Snacks Item 05,Snacks,2025-07-10,26,16,188
S028,P006,Produce Item 06,Produce,2025-07-18,27,18,141
S028,P007,Produce Item 07,Produce,2025-07-26,79,8,54
S028,P008,Dairy Item 08,Dairy,2025-09-03,53,14,20
S028,P009,Bakery Item 09,Bakery,2025-08-18,47,17,60
S028,P010,Snacks Item 10,Snacks,2025-08-29,82,16,43
S028,P011,Beverage Item 11,Beverage,2025-07-14,104,19,93
S028,P012,Beverage Item 12,Beverage,2025-08-19,65,15,177
S028,P013,Beverage Item 13,Beverage,2025-08-08,31,16,164
S028,P014,Snacks Item 14,Snacks,2025-07-28,13,11,20
S028,P015,Dairy Item 15,Dairy,2025-08-04,119,15,55
S028,P016,Produce Item 16,Produce,2025-07-31,87,9,187
S028,P017,Dairy Item 17,Dairy,2025-07-14,46,19,113
S028,P018,Produce Item 18,Produce,2025-07-09,23,6,145
S028,P019,Beverage Item 19,Beverage,2025-07-26,11,4,103
S028,P020,Dairy Item 20,Dairy,2025-08-31,110,19,26
S028,P021,Dairy Item 21,Dairy,2025-08-30,49,1,21
S028,P022,Dairy Item 22,Dairy,2025-08-22,77,8,33
S028,P023,Snacks Item 23,Snacks,2025-08-05,46,13,142
S028,P024,Beverage Item 24,Beverage,2025-07-22,78,8,49
S028,P025,Beverage Item 25,Beverage,2025-07-13,119,2,130
S028,P026,Bakery Item 26,Bakery,2025-08-26,59,1,182
S028,P027,Bakery Item 27,Bakery,2025-08-18,13,11,71
S028,P028,Produce Item 28,Produce,2025-08-21,30,19,77
S028,P029,Bakery Item 29,Bakery,2025-08-25,88,15,163
S028,P030,Produce Item 30,Produce,2025-08-23,46,5,61
S028,P031,Snacks Item 31,Snacks,2025-08-20,14,13,85
S028,P032,Dairy Item 32,Dairy,2025-08-26,65,14,84
S028,P033,Produce Item 33,Produce,2025-08-31,86,5,124
S028,P034,Bakery Item 34,Bakery,2025-08-23,82,6,106
S028,P035,Beverage Item 35,Beverage,2025-08-30,29,12,30
S028,P036,Bakery Item 36,Bakery,2025-07-11,44,19,28
S028,P037,Bakery Item 37,Bakery,2025-07-25,72,13,155
S028,P038,Dairy Item 38,Dairy,2025-08-23,13,16,113
S028,P039,Snacks Item 39,Snacks,2025-07-28,82,16,57
S028,P040,Beverage Item 40,Beverage,2025-07-17,29,12,151
S028,P041,Produce Item 41,Produce,2025-07-25,18,10,75
S028,P042,Beverage Item 42,Beverage,2025-07-13,91,6,98
S028,P043,Dairy Item 43,Dairy,2025-08-29,72,17,64
S028,P044,Bakery Item 44,Bakery,2025-08-04,11,8,134
S028,P045,Dairy Item 45,Dairy,2025-07-16,6,3,93
S028,P046,Bakery Item 46,Bakery,2025-07-14,40,18,38
S028,P047,Snacks Item 47,Snacks,2025-08-26,94,16,179
S028,P048,Produce Item 48,Produce,2025-08-17,24,8,97
S028,P049,Bakery Item 49,Bakery,2025-08-27,36,3,67
S028,P050,Bakery Item 50,Bakery,2025-08-12,2,19,92
S029,P001,Beverage Item 01,Beverage,2025-08-19,83,18,36
S029,P002,Snacks Item 02,Snacks,2025-07-18,45,11,188
S029,P003,Dairy Item 03,Dairy,2025-09-03,43,15,26
S029,P004,Produce Item 04,Produce,2025-07-28,23,3,74
S029,P005,Snacks Item 05,Snacks,2025-07-29,42,3,123
S029,P006,Produce Item 06,Produce,2025-08-25,50,6,136
S029,P007,Produce Item 07,Produce,2025-08-05,114,2,111
S029,P008,Dairy Item 08,Dairy,2025-08-20,20,9,44
S029,P009,Bakery Item 09,Bakery,2025-08-26,42,3,134
S029,P010,Snacks Item 10,Snacks,2025-08-27,76,10,134
S029,P011,Beverage Item 11,Beverage,2025-07-17,28,3,78
S029,P012,Beverage Item 12,Beverage,2025-07-16,57,9,130
S029,P013,Beverage Item 13,Beverage,2025-08-31,64,4,46
S029,P014,Snacks Item 14,Snacks,2025-08-20,43,20,167
S029,P015,Dairy Item 15,Dairy,2025-07-27,90,8,145
S029,P016,Produce Item 16,Produce,2025-07-10,114,17,161
S029,P017,Dairy Item 17,Dairy,2025-07-28,31,14,96
S029,P018,Produce Item 18,Produce,2025-08-19,25,6,106
S029,P019,Beverage Item 19,Beverage,2025-08-14,83,10,97
S029,P020,Dairy Item 20,Dairy,2025-08-20,103,6,199
S029,P021,Dairy Item 21,Dairy,2025-08-08,48,18,93
S029,P022,Dairy Item 22,Dairy,2025-08-02,74,19,43
S029,P023,Snacks Item 23,Snacks,2025-07-09,93,12,128
S029,P024,Beverage Item 24,Beverage,2025-08-12,35,12,59
S029,P025,Beverage Item 25,Beverage,2025-08-17,81,13,57
S029,P026,Bakery Item 26,Bakery,2025-07-15,48,14,196
S029,P027,Bakery Item 27,Bakery,2025-08-13,97,3,180
S029,P028,Produce Item 28,Produce,2025-08-06,67,15,115
S029,P029,Bakery Item 29,Bakery,2025-08-30,30,8,54
S029,P030,Produce Item 30,Produce,2025-07-10,10,2,165
S029,P031,Snacks Item 31,Snacks,2025-08-17,65,6,193
S029,P032,Dairy Item 32,Dairy,2025-08-02,26,11,98
S029,P033,Produce Item 33,Produce,2025-07-10,60,5,41
S029,P034,Bakery Item 34,Bakery,2025-08-04,109,20,200
S029,P035,Beverage Item 35,Beverage,2025-08-24,58,3,42
S029,P036,Bakery Item 36,Bakery,2025-08-01,104,2,122
S029,P037,Bakery Item 37,Bakery,2025-08-28,14,3,160
S029,P038,Dairy Item 38,Dairy,2025-08-06,68,7,93
S029,P039,Snacks Item 39,Snacks,2025-08-12,19,18,168
S029,P040,Beverage Item 40,Beverage,2025-08-08,64,16,63
S029,P041,Produce Item 41,Produce,2025-07-28,57,9,189
S029,P042,Beverage Item 42,Beverage,2025-08-17,3,16,200
S029,P043,Dairy Item 43,Dairy,2025-08-10,99,20,25
S029,P044,Bakery Item 44,Bakery,2025-07-28,98,10,66
S029,P045,Dairy Item 45,Dairy,2025-08-05,70,19,31
S029,P046,Bakery Item 46,Bakery,2025-09-03,70,20,95
S029,P047,Snacks Item 47,Snacks,2025-07-28,84,4,149
S029,P048,Produce Item 48,Produce,2025-08-13,6,17,89
S029,P049,Bakery Item 49,Bakery,2025-08-08,119,5,109
S029,P050,Bakery Item 50,Bakery,2025-07-20,117,16,93
S030,P001,Beverage Item 01,Beverage,2025-07-09,58,1,159
S030,P002,Snacks Item 02,Snacks,2025-07-30,83,7,172
S030,P003,Dairy Item 03,Dairy,2025-07-09,103,9,97
S030,P004,Produce Item 04,Produce,2025-07-21,81,7,121
S030,P005,Snacks Item 05,Snacks,2025-07-10,115,12,61
S030,P006,Produce Item 06,Produce,2025-08-28,111,17,134
S030,P007,Produce Item 07,Produce,2025-08-20,5,15,184
S030,P008,Dairy Item 08,Dairy,2025-08-13,86,17,138
S030,P009,Bakery Item 09,Bakery,2025-08-23,69,9,89
S030,P010,Snacks Item 10,Snacks,2025-08-29,8,14,165
S030,P011,Beverage Item 11,Beverage,2025-07-17,102,3,192
S030,P012,Beverage Item 12,Beverage,2025-08-19,83,1,141
S030,P013,Beverage Item 13,Beverage,2025-07-20,54,15,59
S030,P014,Snacks Item 14,Snacks,2025-07-09,117,17,30
S030,P015,Dairy Item 15,Dairy,2025-08-25,19,6,174
S030,P016,Produce Item 16,Produce,2025-08-30,49,12,72
S030,P017,Dairy Item 17,Dairy,2025-08-26,110,1,122
S030,P018,Produce Item 18,Produce,2025-07-29,64,2,143
S030,P019,Beverage Item 19,Beverage,2025-08-27,75,15,165
S030,P020,Dairy Item 20,Dairy,2025-07-27,30,4,25
S030,P021,Dairy Item 21,Dairy,2025-07-14,0,9,65
S030,P022,Dairy Item 22,Dairy,2025-07-15,39,2,54
S030,P023,Snacks Item 23,Snacks,2025-07-18,11,3,106
S030,P024,Beverage Item 24,Beverage,2025-08-11,91,16,28
S030,P025,Beverage Item 25,Beverage,2025-08-18,10,19,187
S030,P026,Bakery Item 26,Bakery,2025-07-31,76,10,120
S030,P027,Bakery Item 27,Bakery,2025-07-10,29,9,198
S030,P028,Produce Item 28,Produce,2025-07-26,39,1,22
S030,P029,Bakery Item 29,Bakery,2025-07-16,77,12,96
S030,P030,Produce Item 30,Produce,2025-07-21,103,15,142
S030,P031,Snacks Item 31,Snacks,2025-07-11,7,10,23
S030,P032,Dairy Item 32,Dairy,2025-07-12,56,10,21
S030,P033,Produce Item 33,Produce,2025-07-23,101,3,124
S030,P034,Bakery Item 34,Bakery,2025-07-19,51,6,107
S030,P035,Beverage Item 35,Beverage,2025-08-05,91,5,42
S030,P036,Bakery Item 36,Bakery,2025-08-16,92,2,28
S030,P037,Bakery Item 37,Bakery,2025-07-13,101,16,44
S030,P038,Dairy Item 38,Dairy,2025-07-27,27,8,80
S030,P039,Snacks Item 39,Snacks,2025-07-11,48,1,102
S030,P040,Beverage Item 40,Beverage,2025-08-16,81,13,81
S030,P041,Produce Item 41,Produce,2025-07-26,71,2,178
S030,P042,Beverage Item 42,Beverage,2025-08-20,7,11,144
S030,P043,Dairy Item 43,Dairy,2025-07-13,89,11,84
S030,P044,Bakery Item 44,Bakery,2025-08-13,111,5,80
S030,P045,Dairy Item 45,Dairy,2025-07-13,93,1,188
S030,P046,Bakery Item 46,Bakery,2025-07-17,52,16,55
S030,P047,Snacks Item 47,Snacks,2025-09-02,32,17,148
S030,P048,Produce Item 48,Produce,2025-08-05,1,8,47
S030,P049,Bakery Item 49,Bakery,2025-08-14,28,4,24
S030,P050,Bakery Item 50,Bakery,2025-08-18,78,20,120
